<?xml version="1.0" encoding="utf-8" ?>

<Defs>
    <!--
    <rjw.RacePartDef MayRequire="rim.job.world">
        <defName>MucusAnus</defName>
        <hediffName>MucusAnus</hediffName>
    </rjw.RacePartDef>
    <rjw.RacePartDef>
        <defName>MucusBreasts</defName>
        <hediffName>MucusBreasts</hediffName>
        <fluidType>SlimeMilk</fluidType>
    </rjw.RacePartDef>
    -->
    <rjw.HediffDef_SexPart ParentName="NaturalPrivatePartBreast">
		<defName>SlimeBreasts</defName>
		<label>slime breasts</label>
		<labelNoun>a pair of slime breasts</labelNoun>
		<!--<fluid IsNull="false" /> -->
		<description>A pair of slick, translucent breasts that can grow or shrink to any desired size.</description>
		<descriptionHyperlinks><ThingDef>SlimeGlob</ThingDef></descriptionHyperlinks>
		<spawnThingOnRemoved>SlimeGlob</spawnThingOnRemoved>
		<partTags>
					<li>Resizable</li>
					<li>STDImmune</li>
		</partTags>
	</rjw.HediffDef_SexPart>
    <!--
    <rjw.RacePartDef>
        <defName>SlimeBreasts</defName>
        <hediffName>SlimeBreasts</hediffName>
        
        <fluidType>SlimeMilk</fluidType>
    </rjw.RacePartDef>
    -->

    <!--<rjw.RacePartDef>
        <defName>MucusTentacles</defName>
        <hediffName>MucusTentacles</hediffName>
    </rjw.RacePartDef>
    <rjw.RacePartDef>
        <defName>MucusVagina</defName>
        <hediffName>MucusVagina</hediffName>
    </rjw.RacePartDef>-->
</Defs>