<?xml version="1.0" encoding="utf-8" ?>

<Defs>
	<rjw.RaceGroupDef MayRequire="rim.job.world">
		<defName>Alien_Mucus_Group</defName>
		<raceNames>
			<li>Alien_Mucus</li>
		</raceNames>

		<anuses>
			<li>SlimeAnus</li>
		</anuses>
        <!--Female-->
            <femaleBreasts>
                <li>SlimeBreasts</li>
            </femaleBreasts>
            
            <femaleGenitals>
                <li>SlimeVagina</li>
            </femaleGenitals>
		<!--Female-->
        <!--Male-->
            <maleBreasts>
                <li>SlimeBreasts</li>
            </maleBreasts>

            <maleGenitals>
                <li>SlimeTentacles</li>
            </maleGenitals>
        <!--Male-->
		<tags>
			<!--<li>Slime</li>-->
		</tags>

        <raceSexDrive>1.5</raceSexDrive>
        <hasSexNeed>true</hasSexNeed>
		<hasFertility>true</hasFertility>
		<hasPregnancy>true</hasPregnancy>

	</rjw.RaceGroupDef>
</Defs>