<?xml version="1.0" encoding="utf-8"?>
<Defs>
  <!--=====Childhood=====-->
  <AlienRace.BackstoryDef>
    <defName>Slime_Child_Incubator</defName>
    <title>Slime Incubator Baby</title>
    <titleShort>Slime Incubator Baby</titleShort>
    <baseDescription>A core of slime grows up to 14 years old in the incubator. It takes a week and her memory is imprinted through mechanite.</baseDescription>
    <bodyTypeFemale>Female</bodyTypeFemale>
    <bodyTypeMale>Female</bodyTypeMale>
    <skillGains>
      <li>
        <defName>Shooting</defName>
        <amount>1</amount>
      </li>
      <li>
        <defName>Melee</defName>
        <amount>1</amount>
      </li>
      <li>
        <defName>Crafting</defName>
        <amount>2</amount>
      </li>
      <li>
        <defName>Artistic</defName>
        <amount>3</amount>
      </li>
    </skillGains>


    <slot>Childhood</slot>
    <spawnCategories>
      <li>Slime_Standard</li>
      <li>Slime_Standard_Leader</li>
    </spawnCategories>
  </AlienRace.BackstoryDef>
</Defs>