<?xml version="1.0" encoding="utf-8"?>
<Defs>
  <AlienRace.BackstoryDef>

    <defName>Slime_Refugee</defName>
    <title>Refugee</title>
    <titleShort>Refugee</titleShort>
    <baseDescription>[PAWN_nameDef] was a toy in the hands of the nobility. [PAWN_pronoun] escaped thanks to his ingenuity and fighting skills.</baseDescription>
    <bodyTypeFemale>Female</bodyTypeFemale>
    <bodyTypeMale>Female</bodyTypeMale>

    <slot>Adulthood</slot>
    <skillGains>
      <li>
        <defName>Shooting</defName>
        <amount>3</amount>
      </li>
      <li>
        <defName>Crafting</defName>
        <amount>5</amount>
      </li>
    </skillGains>
    <spawnCategories>
      <li>Slime_Standard</li>
      <li>Slime_Standard_Leader</li>
    </spawnCategories>

  </AlienRace.BackstoryDef>
</Defs>