<?xml version="1.0" encoding="UTF-8"?>

<ModMetaData>
	<name>Slime Girls Modified by Nil</name>
	<author>Akiya82 and Nil</author>
	<url>https://gitgud.io/Akiya82/slime-girls/</url>
	<supportedVersions>
		<li>1.5</li>
	</supportedVersions>
	<packageId>Akiya82.SlimeGirls</packageId>
	<modDependencies>
		<li>
			<packageId>erdelf.HumanoidAlienRaces</packageId>
			<displayName>Humanoid Alien Races 3.0</displayName>
			<steamWorkshopUrl>https://steamcommunity.com/sharedfiles/filedetails/?id=839005762</steamWorkshopUrl>
		</li>
		<li>
			<packageId>oskarpotocki.vanillafactionsexpanded.core</packageId>
			<displayName>Vanilla Expanded Framework</displayName>
			<steamWorkshopUrl>https://steamcommunity.com/sharedfiles/filedetails/?id=2023507013</steamWorkshopUrl>
		</li>
		<li>
			<packageId>rjw.menstruation</packageId>
			<displayName>RJW Menstruation Cycle</displayName>
			<steamWorkshopUrl>https://gitgud.io/lutepickle/rjw_menstruation/</steamWorkshopUrl>
		</li>
	</modDependencies>
	<loadBefore>
	</loadBefore>
	<loadAfter>
		<li>oskarpotocki.vanillafactionsexpanded.core</li>
		<li>erdelf.HumanoidAlienRaces</li>
		<li>Abraxas.RJW.RaceSupport</li>
		<li>shauaputa.rimnudeworld</li>
		<li>CETeam.CombatExtended</li>
		<li>Nals.FacialAnimation</li>
		<li>LustLicentia.RJWLabs</li>
		<li>rjw.milk.humanoid</li>
		<li>rim.job.world</li>
	</loadAfter>
	<incompatibleWith></incompatibleWith>
	<description>(NOTE WORK IN PROGRESS) Were bred in the Glitter worlds by crossbreeding a human female and a slime girl for sexual intercourse. But due to a rebellion of slime girls in one of the Glitter worlds, they fled to other worlds where Glitter's influence is low.\nHas increased protection against shock damage and increased sensitivity to temperature. </description>
</ModMetaData>