<?xml version="1.0" encoding="utf-8" ?>
<Defs>
  <ThingDef MayRequire="rjw.milk.humanoid" ParentName="OrganicProductBase">
    <defName>SlimeMilk</defName>
    <label>slime milk</label>
    <description>The milk of the humanoid slime. Surprisingly tasty and nutritious.</description>
    <graphicData>
      <texPath>Things/Item/Resource/Milk</texPath>
    </graphicData>
    <socialPropernessMatters>true</socialPropernessMatters>
    <statBases>
      <MarketValue>12.1</MarketValue>
      <Mass>0.075</Mass>
      <MaxHitPoints>60</MaxHitPoints>
      <Flammability>0.5</Flammability>
      <Nutrition>0.125</Nutrition>
      <FoodPoisonChanceFixedHuman>0.00001</FoodPoisonChanceFixedHuman>
    </statBases>
    <comps>
      <li Class="CompProperties_Rottable">
        <daysToRotStart>8</daysToRotStart>
        <rotDestroys>true</rotDestroys>
      </li>
    </comps>
    <ingestible>
      <preferability>RawTasty</preferability>
      <foodType>AnimalProduct, Fluid</foodType>
    </ingestible>
    <thingCategories>
      <li>AnimalProductRaw</li>
    </thingCategories>
  </ThingDef>
</Defs>