<?xml version="1.0" encoding="utf-8"?>
<Defs>

  <FacialAnimation.HeadTypeDef MayRequire="nals.facialanimation">
    <defName>SlimeHeadNormal</defName>
    <texPath>SlimeGirl/Head/FacialAnimation/Heads_Blank/Normal</texPath>
    <raceName>Alien_Mucus</raceName>
    <shader>Map/CutoutSkin</shader>
  </FacialAnimation.HeadTypeDef>

  <FacialAnimation.HeadTypeDef MayRequire="nals.facialanimation">
    <defName>SlimeHeadSquare</defName>
    <texPath>SlimeGirl/Head/FacialAnimation/Heads_Blank/Square</texPath>
    <raceName>Alien_Mucus</raceName>
    <gender>Male</gender>
    <shader>Map/CutoutSkin</shader>
  </FacialAnimation.HeadTypeDef>
</Defs>