<?xml version="1.0" encoding="utf-8" ?>

<Defs>
  <FacialAnimation.LidTypeDef MayRequire="nals.facialanimation">
	  <defName>SlimeLidNormal</defName>
	  <texPath>Things/Pawn/FA-Experimentals/Lids/Normal</texPath>
	  <shader>Map/Transparent</shader>
  </FacialAnimation.LidTypeDef>

  <FacialAnimation.LidTypeDef MayRequire="nals.facialanimation">
    <defName>SlimeLidPointy</defName>
    <texPath>Things/Pawn/FA-Experimentals/Lids/Pointy</texPath>
    <shader>Map/Transparent</shader>
    <gender>Female</gender>
  </FacialAnimation.LidTypeDef>

  <FacialAnimation.LidTypeDef MayRequire="nals.facialanimation">
    <defName>SlimeLidFlashy</defName>
    <texPath>Things/Pawn/FA-Experimentals/Lids/Flashy</texPath>
    <shader>Map/Transparent</shader>
    <gender>Female</gender>
  </FacialAnimation.LidTypeDef>

  <FacialAnimation.LidTypeDef MayRequire="nals.facialanimation">
    <defName>SlimeLidQuite</defName>
    <texPath>Things/Pawn/FA-Experimentals/Lids/Quite</texPath>
    <shader>Map/Transparent</shader>
    <gender>Female</gender>
  </FacialAnimation.LidTypeDef>
  
    <FacialAnimation.LidTypeDef MayRequire="nals.facialanimation">
    <defName>SlimeLidSleepy</defName>
    <texPath>Things/Pawn/FA-Experimentals/Lids/Sleepy</texPath>
    <shader>Map/Transparent</shader>
    <gender>Female</gender>
  </FacialAnimation.LidTypeDef>

</Defs>