<?xml version="1.0" encoding="utf-8"?>
<Defs>
	<BodyPartDef>
		<defName>SlimeHead</defName>
		<label>Head</label>
		<hitPoints>25</hitPoints>
		<skinCovered>true</skinCovered>
		<bleedRate>0</bleedRate>
		<canSuggestAmputation>false</canSuggestAmputation>
		<destroyableByDamage>false</destroyableByDamage>
		<beautyRelated>false</beautyRelated>
		<solid>false</solid>
		<frostbiteVulnerability>5</frostbiteVulnerability>
		<permanentInjuryChanceFactor>0</permanentInjuryChanceFactor>
		<tags>
			<li>HearingSource</li>
		</tags>
	</BodyPartDef>

	<BodyPartDef>
		<defName>SlimeCore</defName>
		<label>Slime core</label>
		<hitPoints>15</hitPoints>
		<skinCovered>false</skinCovered>
		<bleedRate>0</bleedRate>
		<canSuggestAmputation>false</canSuggestAmputation>
		<destroyableByDamage>true</destroyableByDamage>
		<beautyRelated>false</beautyRelated>
		<frostbiteVulnerability>0</frostbiteVulnerability>
		<permanentInjuryChanceFactor>99999</permanentInjuryChanceFactor>
		<solid>true</solid>
		<tags>
			<li>BloodPumpingSource</li>
			<li>BloodFiltrationSource</li>
			<li>MetabolismSource</li>
			<li>ConsciousnessSource</li>
			<li>BreathingSource</li>
			<li>BreathingSourceCage</li>
			<li>BreathingPathway</li>
			<li>SightSource</li>
			<li>EatingPathway</li>
			<li>TalkingPathway</li>
			<li>ManipulationLimbSegment</li>
			<li>ManipulationLimbCore</li>
			<li>ManipulationLimbDigit</li>
			<li>MovingLimbCore</li>
			<li>MovingLimbSegment</li>
		</tags>
	</BodyPartDef>

	<BodyPartDef>
		<defName>SlimeTorso</defName>
		<label>Torso</label>
		<hitPoints>120</hitPoints>
		<skinCovered>true</skinCovered>
		<bleedRate>0</bleedRate>
		<canSuggestAmputation>false</canSuggestAmputation>
		<destroyableByDamage>false</destroyableByDamage>
		<beautyRelated>false</beautyRelated>
		<solid>false</solid>
		<frostbiteVulnerability>5</frostbiteVulnerability>
		<permanentInjuryChanceFactor>0</permanentInjuryChanceFactor>
	</BodyPartDef>

	<BodyPartDef>
		<defName>SlimeTentacle</defName>
		<label>Tentacle</label>
		<hitPoints>30</hitPoints>
		<skinCovered>true</skinCovered>
		<bleedRate>0</bleedRate>
		<canSuggestAmputation>false</canSuggestAmputation>
		<destroyableByDamage>true</destroyableByDamage>
		<beautyRelated>false</beautyRelated>
		<solid>false</solid>
		<frostbiteVulnerability>5</frostbiteVulnerability>
		<permanentInjuryChanceFactor>0</permanentInjuryChanceFactor>
	</BodyPartDef>

	<BodyPartDef>
		<defName>SlimeWaist</defName>
		<label>Waist</label>
		<skinCovered>true</skinCovered>
		<bleedRate>0</bleedRate>
		<canSuggestAmputation>false</canSuggestAmputation>
		<destroyableByDamage>false</destroyableByDamage>
		<beautyRelated>false</beautyRelated>
		<solid>false</solid>
		<frostbiteVulnerability>5</frostbiteVulnerability>
		<permanentInjuryChanceFactor>0</permanentInjuryChanceFactor>
		<conceptual>true</conceptual>
	</BodyPartDef>

	<BodyPartDef>
		<defName>SlimeLowerBody</defName>
		<label>lower body</label>
		<skinCovered>false</skinCovered>
		<bleedRate>0</bleedRate>
		<canSuggestAmputation>false</canSuggestAmputation>
		<destroyableByDamage>false</destroyableByDamage>
		<beautyRelated>false</beautyRelated>
		<solid>false</solid>
		<frostbiteVulnerability>5</frostbiteVulnerability>
		<permanentInjuryChanceFactor>0</permanentInjuryChanceFactor>
	</BodyPartDef>

	<BodyPartDef>
		<defName>BodySlime</defName>
		<label>slime body</label>
		<hitPoints>200</hitPoints>
		<frostbiteVulnerability>1.5</frostbiteVulnerability>
		<alive>true</alive>
		<permanentInjuryChanceFactor>0.01</permanentInjuryChanceFactor>
		<skinCovered>true</skinCovered>
		<tags>
			<li>MovingLimbCore</li>
			<li>ManipulationLimbCore</li>
		</tags>
	</BodyPartDef>

	<BodyPartDef>
		<defName>SlimeMouth</defName>
		<label>mouth</label>
		<hitPoints>30</hitPoints>
		<permanentInjuryChanceFactor>0.01</permanentInjuryChanceFactor>
		<skinCovered>true</skinCovered>
		<tags>
			<li>EatingSource</li>
			<li>TalkingSource</li>
		</tags>
	</BodyPartDef>
</Defs>