<?xml version="1.0" encoding="utf-8"?>
<Defs>
	<FactionDef Abstract="True" Name="SL_PlayerFactionBase">
    <raidLootValueFromPointsCurve>
      <points>
        <li>(35,     15)</li>
        <li>(100,   120)</li>
        <li>(1000,  500)</li>
        <li>(2000,  800)</li>
        <li>(4000, 1000)</li>
      </points>
    </raidLootValueFromPointsCurve>
    <factionIconPath>SlimeGirl/World/WorldObjects/SlimeIcon</factionIconPath>
    <settlementTexturePath>SlimeGirl/World/WorldObjects/SlimeDefaultSettlement</settlementTexturePath>
    <playerInitialSettlementNameMaker>NamerInitialSettlementColony</playerInitialSettlementNameMaker>
		<colorSpectrum>
			<li>(0, 0.737, 0.847)</li>
		</colorSpectrum>
    <requiredMemes>
      <li MayRequire="Ludeon.RimWorld.Ideology">Nudism</li>
    </requiredMemes>
		<disallowedMemes>
			<li MayRequire="Ludeon.RimWorld.Ideology">Blindsight</li>
			<li MayRequire="Ludeon.RimWorld.Ideology">Transhumanist</li>
		</disallowedMemes>
    <xenotypeSet Inherit="False" MayRequire="Ludeon.Rimworld.Biotech">
      <xenotypeChances>
        <XenoSlime>999</XenoSlime>
      </xenotypeChances>
    </xenotypeSet>
	</FactionDef>

  <FactionDef ParentName="SL_PlayerFactionBase">
    <defName>PlayerSlimeColony</defName>
    <label>New Slime Arrivals</label>
    <description>A colony of recently-arrived off-world Slimes.</description>
    <isPlayer>true</isPlayer>
    <basicMemberKind>Slimelander</basicMemberKind>
    <pawnSingular>slime</pawnSingular>
    <pawnsPlural>slimes</pawnsPlural>
    <techLevel>Industrial</techLevel>
    <factionNameMaker>NamerFactionOutlander</factionNameMaker>
    <settlementNameMaker>NamerSettlementOutlander</settlementNameMaker>
    <allowedCultures><li>Astropolitan</li></allowedCultures>
    <backstoryFilters>
      <li>
        <categories>
          <li>Offworld</li>
        </categories>
      </li>
    </backstoryFilters>
    <startingResearchTags>
      <li>ClassicStart</li>
    </startingResearchTags>
    <startingTechprintsResearchTags>
      <li>ClassicStart</li>
      <li>ClassicStartTechprints</li>
    </startingTechprintsResearchTags>
    <apparelStuffFilter>
      <thingDefs>
        <li>Synthread</li>
      </thingDefs>
    </apparelStuffFilter>
  </FactionDef>
  
  <FactionDef ParentName="SL_PlayerFactionBase">
    <defName>PlayerSlimeTribe</defName>
    <label>New Slime Tribe</label>
    <description>A small tribe of slimes.</description>
    <isPlayer>true</isPlayer>
    <categoryTag>Tribal</categoryTag>
    <pawnSingular>Slime</pawnSingular>
    <pawnsPlural>tribespeople</pawnsPlural>
    <basicMemberKind>Slime</basicMemberKind>
    <techLevel>Neolithic</techLevel>
    <factionNameMaker>NamerFactionTribal</factionNameMaker>
    <settlementNameMaker>NamerSettlementTribal</settlementNameMaker>
    <allowedCultures>
      <li>Corunan</li>
    </allowedCultures>
    <disallowedMemes>
      <li MayRequire="Ludeon.RimWorld.Ideology">Transhumanist</li>
    </disallowedMemes>
    <disallowedPrecepts>
      <li MayRequire="Ludeon.RimWorld.Ideology">Nudity_Male_CoveringAnythingButGroinDisapproved</li>
      <li MayRequire="Ludeon.RimWorld.Ideology">Nudity_Female_CoveringAnythingButGroinDisapproved</li>
    </disallowedPrecepts>
    <backstoryFilters>
      <li>
        <categories>
          <li>Tribal</li>
        </categories>
      </li>
    </backstoryFilters>
    <factionIconPath>World/WorldObjects/Expanding/Village</factionIconPath>
    <settlementTexturePath>World/WorldObjects/TribalSettlement</settlementTexturePath>
    <forageabilityFactor>1.7</forageabilityFactor>
    <startingResearchTags>
      <li>TribalStart</li>
    </startingResearchTags>
    <startingTechprintsResearchTags>
      <li>TribalStart</li>
      <li>TribalStartTechprints</li>
    </startingTechprintsResearchTags>
    <apparelStuffFilter>
      <thingDefs>
        <li>Cloth</li>
      </thingDefs>
    </apparelStuffFilter>
    <recipePrerequisiteTags>
      <li>Tribal</li>
    </recipePrerequisiteTags>
  </FactionDef>

</Defs>