﻿<?xml version="1.0" encoding="utf-8"?>
<Defs>
  <!--NPC Tribal-->
  <FactionDef ParentName="FactionBase" Name="SlimeTribeBase" Abstract="True">
    <pawnSingular>slime</pawnSingular>
    <pawnsPlural>slimes</pawnsPlural>
    <categoryTag>Tribal</categoryTag>
    <listOrderPriority>20</listOrderPriority>
    <settlementGenerationWeight>1</settlementGenerationWeight>
    <requiredCountAtGameStart>0</requiredCountAtGameStart>
    <canMakeRandomly>true</canMakeRandomly>
    <canStageAttacks>true</canStageAttacks>
    <factionIconPath></factionIconPath>
    <factionNameMaker>NamerFactionTribal</factionNameMaker>
    <settlementNameMaker>NamerSettlementTribal</settlementNameMaker>
    <disallowedMemes>
      <li MayRequire="Ludeon.RimWorld.Ideology">Structure_Ideological</li>
      <li MayRequire="Ludeon.RimWorld.Ideology">Transhumanist</li>
      <li MayRequire="Ludeon.RimWorld.Ideology">Blindsight</li>
    </disallowedMemes>
    <disallowedPrecepts>
    </disallowedPrecepts>
    <structureMemeWeights>
      <Structure_Animist MayRequire="Ludeon.RimWorld.Ideology">4</Structure_Animist>
      <Structure_TheistEmbodied MayRequire="Ludeon.RimWorld.Ideology">1</Structure_TheistEmbodied>
      <Structure_TheistAbstract MayRequire="Ludeon.RimWorld.Ideology">1</Structure_TheistAbstract>
      <Structure_Archist MayRequire="Ludeon.RimWorld.Ideology">1</Structure_Archist>
      <Structure_OriginChristian MayRequire="Ludeon.RimWorld.Ideology">1</Structure_OriginChristian>
      <Structure_OriginIslamic MayRequire="Ludeon.RimWorld.Ideology">1</Structure_OriginIslamic>
      <Structure_OriginHindu MayRequire="Ludeon.RimWorld.Ideology">1</Structure_OriginHindu>
      <Structure_OriginBuddhist MayRequire="Ludeon.RimWorld.Ideology">1</Structure_OriginBuddhist>
    </structureMemeWeights>
    <xenotypeSet Inherit="False" MayRequire="Ludeon.Rimworld.Biotech">
      <xenotypeChances>
        <XenoSlime>999</XenoSlime>
      </xenotypeChances>
    </xenotypeSet>
    <techLevel>Neolithic</techLevel>
    <backstoryFilters>
      <li>
        <categories>
          <li>Tribal</li>
        </categories>
      </li>
    </backstoryFilters>
    <leaderTitle>chief</leaderTitle>
    <caravanTraderKinds>
      <li>Caravan_Neolithic_BulkGoods</li>
      <li>Caravan_Neolithic_WarMerchant</li>
      <li>Caravan_Neolithic_ShamanMerchant</li>
    </caravanTraderKinds>
    <visitorTraderKinds>
      <li>Visitor_Neolithic_Standard</li>
    </visitorTraderKinds>
    <baseTraderKinds>
      <li>Base_Neolithic_Standard</li>
    </baseTraderKinds>
    <allowedArrivalTemperatureRange>-10~28</allowedArrivalTemperatureRange>
    <raidCommonalityFromPointsCurve>
      <points>
        <li>(0, 1)</li> <!--Constant 1 at all points levels-->
      </points>
    </raidCommonalityFromPointsCurve>
    <raidLootMaker>TribeRaidLootMaker</raidLootMaker>
    <maxPawnCostPerTotalPointsCurve>
      <points>
        <li>(0,35)</li>
        <li>(70, 50)</li>
        <li>(800, 100)</li>
        <li>(1300, 150)</li>
        <li>(100000, 10000)</li>
      </points>
    </maxPawnCostPerTotalPointsCurve>
    <pawnGroupMakers>
      <li>
        <!-- Normal fights, ranged with melee mix-ins -->
        <kindDef>Combat</kindDef>
        <commonality>100</commonality>
        <options>
          <Slime_Tribal_Penitent>5</Slime_Tribal_Penitent>
          <Slime_Tribal_Warrior>2</Slime_Tribal_Warrior>
          <Slime_Tribal_Archer>13</Slime_Tribal_Archer>
          <Slime_Tribal_Hunter>10</Slime_Tribal_Hunter>
          <Slime_Tribal_HeavyArcher>10</Slime_Tribal_HeavyArcher>
          <Slime_Tribal_Berserker>3</Slime_Tribal_Berserker>
          <Slime_Tribal_ChiefRanged>3</Slime_Tribal_ChiefRanged>
          <Slime_Tribal_ChiefMelee>1</Slime_Tribal_ChiefMelee>
        </options>
      </li>
      <li>
        <!-- Normal fights, ranged only -->
        <kindDef>Combat</kindDef>
        <commonality>60</commonality>
        <options>
          <Slime_Tribal_Archer>10</Slime_Tribal_Archer>
          <Slime_Tribal_Hunter>10</Slime_Tribal_Hunter>
          <Slime_Tribal_HeavyArcher>10</Slime_Tribal_HeavyArcher>
          <Slime_Tribal_ChiefRanged>5</Slime_Tribal_ChiefRanged>
        </options>
      </li>
      <li>
        <!-- breach-capable fights, breachers plus ranged with melee mix-ins -->
        <kindDef>Combat</kindDef>
        <commonality>5</commonality>
        <options>
          <Slime_Tribal_Breacher>5</Slime_Tribal_Breacher>
          <Slime_Tribal_Penitent>5</Slime_Tribal_Penitent>
          <Slime_Tribal_Warrior>2</Slime_Tribal_Warrior>
          <Slime_Tribal_Archer>13</Slime_Tribal_Archer>
          <Slime_Tribal_Hunter>10</Slime_Tribal_Hunter>
          <Slime_Tribal_HeavyArcher>10</Slime_Tribal_HeavyArcher>
          <Slime_Tribal_Berserker>5</Slime_Tribal_Berserker>
          <Slime_Tribal_ChiefRanged>3</Slime_Tribal_ChiefRanged>
          <Slime_Tribal_ChiefMelee>1.5</Slime_Tribal_ChiefMelee>
      </options>
      </li>
      <li>
        <!-- Peaceful -->
        <kindDef>Peaceful</kindDef>
        <options>
          <Slime_Tribal_Warrior>10</Slime_Tribal_Warrior>
          <Slime_Tribal_Archer>20</Slime_Tribal_Archer>
          <Slime_Tribal_Hunter>10</Slime_Tribal_Hunter>
          <Slime_Tribal_HeavyArcher>10</Slime_Tribal_HeavyArcher>
          <Slime_Tribal_Berserker>3</Slime_Tribal_Berserker>
          <Slime_Tribal_ChiefRanged>3</Slime_Tribal_ChiefRanged>
          <Slime_Tribal_ChiefMelee>1</Slime_Tribal_ChiefMelee>
        </options>
      </li>
      <li>
        <kindDef>Trader</kindDef>
        <traders>
          <Slime_Tribal_Trader>1</Slime_Tribal_Trader>
        </traders>
        <guards>
          <Slime_Tribal_Warrior>3</Slime_Tribal_Warrior>
          <Slime_Tribal_Archer>14</Slime_Tribal_Archer>
          <Slime_Tribal_Hunter>10</Slime_Tribal_Hunter>
          <Slime_Tribal_HeavyArcher>14</Slime_Tribal_HeavyArcher>
          <Slime_Tribal_Berserker>3</Slime_Tribal_Berserker>
        </guards>
      </li>
      <li>
        <kindDef>Settlement</kindDef>
        <options>
          <Slime_Tribal_Warrior>3</Slime_Tribal_Warrior>
          <Slime_Tribal_Archer>14</Slime_Tribal_Archer>
          <Slime_Tribal_Hunter>10</Slime_Tribal_Hunter>
          <Slime_Tribal_HeavyArcher>14</Slime_Tribal_HeavyArcher>
          <Slime_Tribal_Berserker>3</Slime_Tribal_Berserker>
          <Slime_Tribal_ChiefRanged>10</Slime_Tribal_ChiefRanged>
        </options>
      </li>
      <li>
        <kindDef>Settlement_RangedOnly</kindDef>
        <options>
          <Slime_Tribal_Archer>10</Slime_Tribal_Archer>
          <Slime_Tribal_Hunter>10</Slime_Tribal_Hunter>
          <Slime_Tribal_HeavyArcher>10</Slime_Tribal_HeavyArcher>
          <Slime_Tribal_ChiefRanged>10</Slime_Tribal_ChiefRanged>
        </options>
      </li>
      <li MayRequire="Ludeon.RimWorld.Ideology">
        <kindDef>Miners</kindDef>
        <commonality>1</commonality>
        <options>
          <Slime_Tribal_Miner>1</Slime_Tribal_Miner>
        </options>
      </li>
      <li MayRequire="Ludeon.RimWorld.Ideology">
        <kindDef>Hunters</kindDef>
        <commonality>1</commonality>
        <options>
          <Slime_Tribal_Hunter>1</Slime_Tribal_Hunter>
        </options>
      </li>
      <li MayRequire="Ludeon.RimWorld.Ideology">
        <kindDef>Loggers</kindDef>
        <commonality>1</commonality>
        <options>
          <Slime_Tribal_Logger>1</Slime_Tribal_Logger>
        </options>
      </li>
      <li MayRequire="Ludeon.RimWorld.Ideology">
        <kindDef>Farmers</kindDef>
        <commonality>1</commonality>
        <options>
          <Slime_Tribal_Farmer>1</Slime_Tribal_Farmer>
        </options>
      </li>
    </pawnGroupMakers>
    <settlementTexturePath>SlimeGirl/World/WorldObjects/SlimeTribalSettlement</settlementTexturePath>
  </FactionDef>

  <FactionDef ParentName="SlimeTribeBase">
    <defName>SlimeTribeCivil</defName>
    <label>gentle slime tribe</label>
    <description>These slimes have been here a very long time. Maybe their ancestors crashed here a thousand years ago. Maybe they survived some cataclysm that destroyed a technological civilization here. In any case, they are mostly nomadic people who live off the land using primitive tools and weapons.\n\nDespite their apparent technological weakness, they can be dangerous enemies and valuable friends because of their skill with low-tech warfare, their numbers, and their hardiness.\n\nThese particular slimes pursue a gentle way of life where they can. They are quite open to trade and alliances, even with strange peoples.</description>
    <colorSpectrum>
      <li>(0.85, 0.75, 0.37)</li>
      <li>(0.95, 0.95, 0.37)</li>
    </colorSpectrum>
    <disallowedMemes>
      <li MayRequire="Ludeon.RimWorld.Ideology">Supremacist</li>
      <li MayRequire="Ludeon.RimWorld.Ideology">PainIsVirtue</li>
      <li MayRequire="Ludeon.RimWorld.Ideology">Raider</li>
      <li MayRequire="Ludeon.RimWorld.Ideology">Blindsight</li>
    </disallowedMemes>
    <factionIconPath>SlimeGirl/World/WorldObjects/Expanding/SlimeVillage</factionIconPath>
    <maxConfigurableAtWorldCreation>9999</maxConfigurableAtWorldCreation>
    <configurationListOrderPriority>40</configurationListOrderPriority>
  </FactionDef>

  <FactionDef ParentName="SlimeTribeBase">
    <defName>SlimeTribeRough</defName>
    <label>fierce slime tribe</label>
    <description>These slimes have been here a very long time. Maybe their ancestors crashed here a thousand years ago. Maybe they survived some cataclysm that destroyed a technological civilization here. In any case, they are mostly nomadic people who live off the land using primitive tools and weapons.\n\nDespite their apparent technological weakness, they can be dangerous enemies and valuable friends because of their skill with low-tech warfare, their numbers, and their hardiness.\n\nThese particular slimes value warlike dominance; it may be difficult to turn them into an ally.</description>
    <colorSpectrum>
      <li>(0.25, 0.65, 0.05)</li>
      <li>(0.25, 0.75, 0.05)</li>
    </colorSpectrum>
    <factionIconPath>SlimeGirl/World/WorldObjects/Expanding/SlimeVillageRough</factionIconPath>
    <naturalEnemy>true</naturalEnemy>
    <disallowedMemes>
      <li MayRequire="Ludeon.RimWorld.Ideology">Supremacist</li>
      <li MayRequire="Ludeon.RimWorld.Ideology">PainIsVirtue</li>
      <li MayRequire="Ludeon.RimWorld.Ideology">Blindsight</li>
    </disallowedMemes>
    <maxConfigurableAtWorldCreation>9999</maxConfigurableAtWorldCreation>
    <configurationListOrderPriority>50</configurationListOrderPriority>
  </FactionDef>

  <FactionDef ParentName="SlimeTribeBase">
    <defName>SlimeTribeSavage</defName>
    <label>savage slime tribe</label>
    <description>These slimes have been here a very long time. Maybe their ancestors crashed here a thousand years ago. Maybe they survived some cataclysm that destroyed a technological civilization here. In any case, they are mostly nomadic people who live off the land using primitive tools and weapons.\n\nDespite their apparent technological weakness, they can be dangerous enemies because of their skill with low-tech warfare, their numbers, and their hardiness.\n\nThese particular slimes are driven by a blood-and-honor culture; you will not be able to ally with them!</description>
    <colorSpectrum>
      <li>(0.85, 0, 0)</li>
      <li>(1, 0.1, 0.1)</li>
    </colorSpectrum>
    <factionIconPath>SlimeGirl/World/WorldObjects/Expanding/SlimeVillageSavage</factionIconPath>
    <permanentEnemy>true</permanentEnemy>
    <requiredMemes>
      <li MayRequire="Ludeon.RimWorld.Ideology">Nudism</li>
      <li MayRequire="Ludeon.RimWorld.Ideology">Supremacist</li>
    </requiredMemes>
    <disallowedMemes>
      <li MayRequire="Ludeon.RimWorld.Ideology">Blindsight</li>
    </disallowedMemes>
    <maxConfigurableAtWorldCreation>9999</maxConfigurableAtWorldCreation>
    <configurationListOrderPriority>60</configurationListOrderPriority>
  </FactionDef>

  <!--NPC Urban-->
  <FactionDef ParentName="FactionBase" Name="SlimelanderFactionBase" Abstract="True">
    <pawnSingular>slime</pawnSingular>
    <pawnsPlural>slimes</pawnsPlural>
    <categoryTag>Outlander</categoryTag>
    <listOrderPriority>30</listOrderPriority>
    <settlementGenerationWeight>1</settlementGenerationWeight>
    <requiredCountAtGameStart>0</requiredCountAtGameStart>
    <canMakeRandomly>true</canMakeRandomly>
    <canSiege>true</canSiege>
    <canStageAttacks>true</canStageAttacks>
    <leaderTitle>prime councilor</leaderTitle>
    <factionIconPath>SlimeGirl/World/WorldObjects/Expanding/SlimeTown</factionIconPath>
    <factionNameMaker>NamerFactionOutlander</factionNameMaker>
    <settlementNameMaker>NamerSettlementOutlander</settlementNameMaker>
    <disallowedMemes>
      <li MayRequire="Ludeon.RimWorld.Ideology">Structure_Animist</li>
      <li MayRequire="Ludeon.RimWorld.Ideology">Blindsight</li>
    </disallowedMemes>
    <structureMemeWeights>
      <Structure_TheistEmbodied MayRequire="Ludeon.RimWorld.Ideology">1</Structure_TheistEmbodied>
      <Structure_TheistAbstract MayRequire="Ludeon.RimWorld.Ideology">2</Structure_TheistAbstract>
      <Structure_Ideological MayRequire="Ludeon.RimWorld.Ideology">1</Structure_Ideological>
      <Structure_Archist MayRequire="Ludeon.RimWorld.Ideology">1</Structure_Archist>
      <Structure_OriginChristian MayRequire="Ludeon.RimWorld.Ideology">1</Structure_OriginChristian>
      <Structure_OriginIslamic MayRequire="Ludeon.RimWorld.Ideology">1</Structure_OriginIslamic>
      <Structure_OriginHindu MayRequire="Ludeon.RimWorld.Ideology">1</Structure_OriginHindu>
      <Structure_OriginBuddhist MayRequire="Ludeon.RimWorld.Ideology">1</Structure_OriginBuddhist>
    </structureMemeWeights>
    <xenotypeSet Inherit="False" MayRequire="Ludeon.Rimworld.Biotech">
      <xenotypeChances>
        <XenoSlime>999</XenoSlime>
      </xenotypeChances>
    </xenotypeSet>
    <techLevel>Industrial</techLevel>
    <backstoryFilters>
      <li>
        <categories>
          <li>Outlander</li>
        </categories>
        <commonality>0.95</commonality>
      </li>
      <li>
        <categories>
          <li>Offworld</li>
        </categories>
        <commonality>0.05</commonality>
      </li>
    </backstoryFilters>
    <caravanTraderKinds>
      <li>Caravan_Outlander_BulkGoods</li>
      <li>Caravan_Outlander_CombatSupplier</li>
      <li>Caravan_Outlander_Exotic</li>
      <li>Caravan_Outlander_PirateMerchant</li>
    </caravanTraderKinds>
    <visitorTraderKinds>
      <li>Visitor_Outlander_Standard</li>
    </visitorTraderKinds>
    <baseTraderKinds>
      <li>Base_Outlander_Standard</li>
    </baseTraderKinds>
    <allowedArrivalTemperatureRange>-10~28</allowedArrivalTemperatureRange>
    <maxPawnCostPerTotalPointsCurve>
      <points>
        <li>(0,35)</li>
        <li>(70, 50)</li>
        <li>(700, 100)</li>
        <li>(1300, 150)</li>
        <li>(100000, 10000)</li>
      </points>
    </maxPawnCostPerTotalPointsCurve>
    <pawnGroupMakers>
      <li>
        <!-- Normal fights, standard mix -->
        <kindDef>Combat</kindDef>
        <options>
          <Slime_Villager>5</Slime_Villager>
          <Slime_Town_Guard>10</Slime_Town_Guard>
          <Slime_Grenadier_Destructive>1.5</Slime_Grenadier_Destructive>
          <Slime_Mercenary_Slasher>7</Slime_Mercenary_Slasher>
          <Slime_Mercenary_Gunner>10</Slime_Mercenary_Gunner>
          <Slime_Mercenary_Elite>10</Slime_Mercenary_Elite>
          <Slime_Town_Councilman>10</Slime_Town_Councilman>
        </options>
      </li>
      <li>
        <kindDef>Peaceful</kindDef>
        <options>
          <Slime_Villager>20</Slime_Villager>
          <Slime_Town_Guard>10</Slime_Town_Guard>
          <Slime_Town_Councilman>10</Slime_Town_Councilman>
        </options>
      </li>
      <li>
        <kindDef>Trader</kindDef>
        <traders>
          <Slime_Town_Trader>1</Slime_Town_Trader>
        </traders>
        <carriers>
        </carriers>
        <guards>
          <Slime_Villager>3</Slime_Villager>
          <Slime_Town_Guard>10</Slime_Town_Guard>
          <Slime_Grenadier_Destructive>1.5</Slime_Grenadier_Destructive>
          <Slime_Mercenary_Slasher>7</Slime_Mercenary_Slasher>
          <Slime_Mercenary_Gunner>10</Slime_Mercenary_Gunner>
          <Slime_Mercenary_Elite>10</Slime_Mercenary_Elite>
        </guards>
      </li>
      <li>
        <kindDef>Settlement</kindDef>
        <options>
          <Slime_Villager>10</Slime_Villager>
          <Slime_Town_Guard>10</Slime_Town_Guard>
          <Slime_Grenadier_Destructive>1.5</Slime_Grenadier_Destructive>
          <Slime_Mercenary_Slasher>7</Slime_Mercenary_Slasher>
          <Slime_Mercenary_Gunner>10</Slime_Mercenary_Gunner>
          <Slime_Mercenary_Elite>10</Slime_Mercenary_Elite>
          <Slime_Town_Councilman>10</Slime_Town_Councilman>
        </options>
      </li>
      <li MayRequire="Ludeon.RimWorld.Ideology">
        <kindDef>Miners</kindDef>
        <commonality>1</commonality>
        <options>
          <Slime_Miner>1</Slime_Miner>
        </options>
      </li>
      <li MayRequire="Ludeon.RimWorld.Ideology">
        <kindDef>Hunters</kindDef>
        <commonality>1</commonality>
        <options>
          <Slime_Hunter>1</Slime_Hunter>
        </options>
      </li>
      <li MayRequire="Ludeon.RimWorld.Ideology">
        <kindDef>Loggers</kindDef>
        <commonality>1</commonality>
        <options>
          <Slime_Logger>1</Slime_Logger>
        </options>
      </li>
      <li MayRequire="Ludeon.RimWorld.Ideology">
        <kindDef>Farmers</kindDef>
        <commonality>1</commonality>
        <options>
          <Slime_Farmer>1</Slime_Farmer>
        </options>
      </li>
    </pawnGroupMakers>
    <settlementTexturePath>SlimeGirl/World/WorldObjects/SlimeDefaultSettlement</settlementTexturePath>
  </FactionDef>

  <FactionDef ParentName="SlimelanderFactionBase">
    <defName>SlimelanderCivil</defName>
    <label>civil slimelander union</label>
    <description>These slimes have lived here for decades or centuries, and have lost most of the technology that brought them to this world. They usually work with simple machinery and defend themselves with advanced gunpowder weapons.\n\nThey are concerned with the practical matters of trade, trust, and survival.\n\nThese particular slimes hold civil behavior in high regard.</description>
    <colorSpectrum>
      <li>(0.35, 0.30, 0.60)</li>
      <li>(0.45, 0.40, 0.90)</li>
    </colorSpectrum>
    <classicIdeo>true</classicIdeo>
    <maxConfigurableAtWorldCreation>9999</maxConfigurableAtWorldCreation>
    <configurationListOrderPriority>10</configurationListOrderPriority>
  </FactionDef>

  <FactionDef ParentName="SlimelanderFactionBase">
    <defName>SlimelanderRough</defName>
    <label>rough slimelander union</label>
    <description>These slimes have lived here for decades or centuries, and have lost most of the technology that brought them to this world. They usually work with simple machinery and defend themselves with advanced gunpowder weapons.\n\nThey are concerned with the practical matters of trade, trust, and survival.\n\nThese particular slimes have a streak of barbarity in them.</description>
    <colorSpectrum>
      <li>(0.00, 0.30, 0.70)</li>
      <li>(0.00, 0.40, 1.00)</li>
    </colorSpectrum>
    <factionIconPath>SlimeGirl/World/WorldObjects/Expanding/SlimeTownRough</factionIconPath>
    <naturalEnemy>true</naturalEnemy>
    <requiredMemes>
      <li MayRequire="Ludeon.RimWorld.Ideology">Supremacist</li>
    </requiredMemes>
    <maxConfigurableAtWorldCreation>9999</maxConfigurableAtWorldCreation>
    <configurationListOrderPriority>20</configurationListOrderPriority>
  </FactionDef>

</Defs>