﻿<?xml version="1.0" encoding="utf-8"?>
<Defs>

	<ScenarioDef>
		<defName>SlimeEscapeStart</defName>
		<label>Slime Escape</label>
		<description>Three slimes escape from the world of glitter during another riot and land on an unknown planet.</description>
		<scenario>
			<summary>Three slimes making an emergency landing on an unknown planet is a start for the slime race.</summary>
			<playerFaction>
				<def>PlayerFaction</def>
				<factionDef>PlayerSlimeColony</factionDef>
			</playerFaction>
			<parts>

				<li Class="ScenPart_ConfigPage_ConfigureStartingPawns">
					<def>ConfigPage_ConfigureStartingPawns</def>
					<pawnCount>3</pawnCount>
				</li>

				<!-- Player starting stuff spawn method-->
				<li Class="ScenPart_PlayerPawnsArriveMethod">
					<def>PlayerPawnsArriveMethod</def>
					<method>DropPods</method>
					<visible>false</visible>
				</li>

				<!-- Player starting things -->
				<li Class="ScenPart_StartingThing_Defined">
					<def>StartingThing_Defined</def>
					<thingDef>Silver</thingDef>
					<count>800</count>
				</li>

				<!-- Player pawns modifiers -->
				<li Class="ScenPart_ForcedHediff">
					<def>ForcedHediff</def>
					<visible>false</visible>
					<context>PlayerStarter</context>
					<chance>0.5</chance>
					<hediff>CryptosleepSickness</hediff>
					<hideOffMap>true</hideOffMap>
					<severityRange>1~1</severityRange>
				</li>

				<li Class="ScenPart_StartingThing_Defined">
					<def>StartingThing_Defined</def>
					<thingDef>MealSurvivalPack</thingDef>
					<count>50</count>
				</li>

				<li Class="ScenPart_StartingThing_Defined">
					<def>StartingThing_Defined</def>
					<thingDef>MedicineIndustrial</thingDef>
					<count>30</count>
				</li>

				<li Class="ScenPart_StartingThing_Defined">
					<def>StartingThing_Defined</def>
					<thingDef>ComponentIndustrial</thingDef>
					<count>30</count>
				</li>

				<li Class="ScenPart_StartingThing_Defined">
					<def>StartingThing_Defined</def>
					<thingDef>Gun_BoltActionRifle</thingDef>
				</li>

				<li Class="ScenPart_StartingThing_Defined">
					<def>StartingThing_Defined</def>
					<thingDef>Gun_Revolver</thingDef>
				</li>

				<li Class="ScenPart_StartingThing_Defined">
					<def>StartingThing_Defined</def>
					<thingDef>MeleeWeapon_Knife</thingDef>
					<stuff>Plasteel</stuff>
				</li>

				<li Class="ScenPart_ScatterThingsNearPlayerStart">
					<def>ScatterThingsNearPlayerStart</def>
					<thingDef>Steel</thingDef>
					<count>600</count>
				</li>

				<li Class="ScenPart_ScatterThingsNearPlayerStart">
					<def>ScatterThingsNearPlayerStart</def>
					<thingDef>WoodLog</thingDef>
					<count>300</count>
				</li>

				<li Class="ScenPart_ScatterThingsAnywhere">
					<def>ScatterThingsAnywhere</def>
					<thingDef>ShipChunk</thingDef>
					<count>25</count>
				</li>

				<li Class="ScenPart_ScatterThingsAnywhere">
					<def>ScatterThingsAnywhere</def>
					<thingDef>Steel</thingDef>
					<count>720</count>
				</li>
			</parts>
		</scenario>
	</ScenarioDef>
	
	<ScenarioDef>
		<defName>SlimeTribeStart</defName>
		<label>Slime Tribe</label>
		<description>Your tribe was destroyed by the great blood machines sent by the gods. Five of you managed to escape. Now, it's time to build up a new home.\n\nNote: Since you'll start poor and lack technology, this is a difficult scenario.</description>
		<scenario>
			<summary>Five members of a lost tribe try to rebuild their lives. A challenging scenario for a race of slime.</summary>
			<playerFaction>
				<def>PlayerFaction</def>
				<factionDef>PlayerSlimeTribe</factionDef>
			</playerFaction>
			<parts>

        <!-- Config pages -->
        <li Class="ScenPart_ConfigPage_ConfigureStartingPawns">
          <def>ConfigPage_ConfigureStartingPawns</def>
          <pawnCount>5</pawnCount>
          <pawnChoiceCount>8</pawnChoiceCount>
        </li>

        <!-- Player starting stuff spawn method-->
        <li Class="ScenPart_PlayerPawnsArriveMethod">
          <def>PlayerPawnsArriveMethod</def>
          <method>Standing</method>
        </li>

        <!-- Player pawns modifiers -->
        <li Class="ScenPart_ForcedHediff">
          <def>ForcedHediff</def>
          <visible>false</visible>
          <context>PlayerStarter</context>
          <chance>0.5</chance>
          <hediff>Malnutrition</hediff>
          <severityRange>0.2~0.4</severityRange>
        </li>
        <li Class="ScenPart_SetNeedLevel">
          <def>SetNeedLevel</def>
          <visible>false</visible>
          <context>PlayerStarter</context>
          <chance>1.0</chance>
          <need>Food</need>
          <levelRange>0~0.1</levelRange>
        </li>

        <!-- Player starting things -->
        <li Class="ScenPart_StartingThing_Defined">
          <def>StartingThing_Defined</def>
          <thingDef>Silver</thingDef>
          <count>200</count>
        </li>
        <li Class="ScenPart_StartingThing_Defined">
          <def>StartingThing_Defined</def>
          <thingDef>Pemmican</thingDef>
          <count>400</count>
        </li>
        <li Class="ScenPart_StartingThing_Defined">
          <def>StartingThing_Defined</def>
          <thingDef>MedicineHerbal</thingDef>
          <count>20</count>
        </li>
        <li Class="ScenPart_StartingThing_Defined">
          <def>StartingThing_Defined</def>
          <thingDef>MeleeWeapon_Club</thingDef>
          <stuff>WoodLog</stuff>
        </li>
        <li Class="ScenPart_StartingThing_Defined">
          <def>StartingThing_Defined</def>
          <thingDef>MeleeWeapon_Ikwa</thingDef>
          <stuff>Steel</stuff>
        </li>
        <li Class="ScenPart_StartingThing_Defined">
          <def>StartingThing_Defined</def>
          <thingDef>MeleeWeapon_Knife</thingDef>
          <stuff>Jade</stuff>
        </li>
        <li Class="ScenPart_StartingThing_Defined">
          <def>StartingThing_Defined</def>
          <thingDef>Bow_Short</thingDef>
          <count>2</count>
        </li>
        <li Class="ScenPart_StartingThing_Defined">
          <def>StartingThing_Defined</def>
          <thingDef>Pila</thingDef>
        </li>
        <li Class="ScenPart_StartingAnimal">
          <def>StartingAnimal</def>
          <count>3</count>
          <bondToRandomPlayerPawnChance>1.0</bondToRandomPlayerPawnChance>
        </li>

        <!-- Scatter some things near player start -->
        <li Class="ScenPart_ScatterThingsNearPlayerStart">
          <def>ScatterThingsNearPlayerStart</def>
          <thingDef>WoodLog</thingDef>
          <count>500</count>
        </li>

        <!-- Game start dialog -->
        <li Class="ScenPart_GameStartDialog">
          <def>GameStartDialog</def>
          <text>The gods were very angry. The blood machines came at night. They swept through your village, cutting and burning your people with their blades and devil-fire.\n\nOnly a few of you escaped.\n\nNow, after a harrowing journey, with no friends to turn to, you must build a new home in the wilderness - like your ancestors did.</text>
          <closeSound>GameStartSting</closeSound>
        </li>

      </parts>
		</scenario>
	</ScenarioDef>
</Defs>