<?xml version="1.0" encoding="UTF-8"?>
<Defs>

  <PawnKindDef Name="SlimelanderBase" Abstract="True">
    <race>Alien_Mucus</race>
    <defName>SlimelanderBase</defName>
    <defaultFactionType>SlimelanderCivil</defaultFactionType>
    <maxGenerationAge>45</maxGenerationAge>
    <chemicalAddictionChance>0.05</chemicalAddictionChance>
    <backstoryCryptosleepCommonality>0.05</backstoryCryptosleepCommonality>
    <invNutrition>2.55</invNutrition>
    <apparelTags>
      <li>IndustrialBasic</li>
      <li>IndustrialAdvanced</li>
    </apparelTags>
    <inventoryOptions>
      <skipChance>0.70</skipChance>
      <subOptionsChooseOne>
        <li>
          <choiceChance>90</choiceChance>
          <thingDef>Silver</thingDef>
          <countRange>30~100</countRange>
        </li>
      </subOptionsChooseOne>
    </inventoryOptions>
    <forcedTraits>
      <li>Nudist</li>
    </forcedTraits>
  </PawnKindDef>

  <!--Mercenary pawnkinds-->
  
  <PawnKindDef Name="SlimeMercenaryBase" Abstract="True">
    <race>Alien_Mucus</race>
    <defaultFactionType>Pirate</defaultFactionType>
    <chemicalAddictionChance>0.1</chemicalAddictionChance>
    <maxGenerationAge>35</maxGenerationAge>
    <invNutrition>2.55</invNutrition>
    <itemQuality>Normal</itemQuality>
    <backstoryCryptosleepCommonality>0.08</backstoryCryptosleepCommonality>
    <combatEnhancingDrugsChance>0.15</combatEnhancingDrugsChance>
    <combatEnhancingDrugsCount>0~2</combatEnhancingDrugsCount>
    <biocodeWeaponChance>0.1</biocodeWeaponChance>
    <forcedTraits>
      <li>Nudist</li>
    </forcedTraits>
  </PawnKindDef>

  <PawnKindDef Abstract="True" Name="SlimeGrenadierBase" ParentName="SlimeMercenaryBase">
    <race>Alien_Mucus</race>
    <gearHealthRange>0.7~2.3</gearHealthRange>
    <initialWillRange>1~3</initialWillRange>
    <apparelTags>
      <li>IndustrialBasic</li>
      <li>IndustrialAdvanced</li>
      <li>IndustrialMilitaryBasic</li>
      <li>BeltDefensePop</li>
    </apparelTags>
    <apparelMoney>400~700</apparelMoney>
    <apparelAllowHeadgearChance>0.5</apparelAllowHeadgearChance>
    <weaponMoney>500~500</weaponMoney>
    <techHediffsChance>0.05</techHediffsChance>
    <techHediffsMoney>500~500</techHediffsMoney>
    <techHediffsTags>
      <li>Poor</li>
      <li>Simple</li>
      <li>ImplantEmpireCommon</li>
    </techHediffsTags>
    <inventoryOptions>
      <skipChance>0.9</skipChance>
      <subOptionsChooseOne>
        <li>
          <thingDef>Silver</thingDef>
          <countRange>50~200</countRange>
        </li>
        <li>
          <thingDef>MedicineIndustrial</thingDef>
          <countRange>1~1</countRange>
        </li>
      </subOptionsChooseOne>
    </inventoryOptions>
  </PawnKindDef>

<PawnKindDef ParentName="SlimeMercenaryBase" Name="SlimeMercenaryMidTierBase" Abstract="True">
  <techHediffsChance>0.15</techHediffsChance>
  <techHediffsMoney>700~1200</techHediffsMoney>
  <maxGenerationAge>45</maxGenerationAge>
  <techHediffsTags>
    <li>Simple</li>
    <li>Advanced</li>
    <li>ImplantEmpireCommon</li>
  </techHediffsTags>
  <biocodeWeaponChance>0.2</biocodeWeaponChance>
  <initialWillRange>2~4</initialWillRange>
</PawnKindDef>

<PawnKindDef ParentName="SlimeMercenaryMidTierBase" Name="SlimeMercenaryGunnerBase" Abstract="True">
<defName>Slime_Mercenary_Gunner_Base</defName>
<label>mercenary gunner</label>
<combatPower>297</combatPower>
<gearHealthRange>0.7~3.2</gearHealthRange>
<apparelTags>
  <li>IndustrialBasic</li>
  <li>IndustrialAdvanced</li>
  <li>IndustrialMilitaryBasic</li>
  <li>IndustrialMilitaryAdvanced</li>
  <li>BeltDefensePop</li>
</apparelTags>
<apparelMoney>1000~1500</apparelMoney>
<apparelAllowHeadgearChance>0.5</apparelAllowHeadgearChance>
<weaponMoney>330~650</weaponMoney>
<weaponTags>
  <li>Gun</li>
</weaponTags>
<disallowedTraits>
  <li>Brawler</li>
</disallowedTraits>
<combatEnhancingDrugsChance>0.05</combatEnhancingDrugsChance>
<combatEnhancingDrugsCount>0~2</combatEnhancingDrugsCount>
<inventoryOptions>
  <skipChance>0.9</skipChance>
  <subOptionsChooseOne>
    <li>
      <thingDef>MedicineIndustrial</thingDef>
      <countRange>1</countRange>
    </li>
  </subOptionsChooseOne>
</inventoryOptions>
<skills>
  <li>
    <skill>Shooting</skill>
    <range>4~20</range>
  </li>
</skills>
</PawnKindDef>

<PawnKindDef ParentName="SlimeMercenaryMidTierBase" Name="SlimeMercenarySniperBase" Abstract="True">
  <defName>Slime_Mercenary_Sniper_Base</defName>
  <label>mercenary sniper</label>
  <combatPower>385</combatPower>
  <gearHealthRange>0.7~3.2</gearHealthRange>
  <apparelTags>
    <li>IndustrialBasic</li>
    <li>IndustrialAdvanced</li>
    <li>IndustrialMilitaryBasic</li>
    <li>IndustrialMilitaryAdvanced</li>
  </apparelTags>
  <apparelMoney>1000~1500</apparelMoney>
  <apparelAllowHeadgearChance>0.5</apparelAllowHeadgearChance>
  <weaponMoney>600~600</weaponMoney>
  <weaponTags>
    <li>SniperRifle</li>
  </weaponTags>
  <disallowedTraits>
    <li>Brawler</li>
  </disallowedTraits>
  <inventoryOptions>
    <skipChance>0.9</skipChance>
    <subOptionsChooseOne>
      <li>
        <thingDef>MedicineIndustrial</thingDef>
        <countRange>1</countRange>
      </li>
    </subOptionsChooseOne>
  </inventoryOptions>
  <skills>
    <li>
      <skill>Shooting</skill>
      <range>6~20</range>
    </li>
  </skills>
</PawnKindDef>
  
<PawnKindDef ParentName="SlimeMercenaryMidTierBase" Name="SlimeMercenarySlasherBase" Abstract="True">
  <defName>Slime_Mercenary_Slasher</defName>
  <label>mercenary slasher</label>
  <combatPower>490</combatPower>
  <canBeSapper>true</canBeSapper>
  <gearHealthRange>0.7~3.2</gearHealthRange>
  <apparelTags>
    <li>IndustrialBasic</li>
    <li>IndustrialAdvanced</li>
    <li>IndustrialMilitaryBasic</li>
    <li>IndustrialMilitaryAdvanced</li>
  </apparelTags>
  <apparelRequired>
    <li>Apparel_ShieldBelt</li>
  </apparelRequired>
  <apparelMoney>300~1400</apparelMoney>
  <apparelAllowHeadgearChance>0</apparelAllowHeadgearChance>
  <weaponMoney>200~500</weaponMoney>
  <weaponTags>
    <li>MedievalMeleeDecent</li>
    <li>MedievalMeleeAdvanced</li>
  </weaponTags>
  <inventoryOptions>
    <skipChance>0.9</skipChance>
    <subOptionsChooseOne>
      <li>
        <thingDef>MedicineIndustrial</thingDef>
        <countRange>1</countRange>
      </li>
    </subOptionsChooseOne>
  </inventoryOptions>
  <initialResistanceRange>19~29</initialResistanceRange>
</PawnKindDef>

<!-- Elite tier - merc elite, pirate boss -->

<PawnKindDef Abstract="True" Name="SlimeMercenaryEliteTierBase" ParentName="SlimeMercenaryBase">
  <combatPower>455</combatPower>
  <backstoryCryptosleepCommonality>0.25</backstoryCryptosleepCommonality>
  <gearHealthRange>1~1</gearHealthRange>
  <apparelTags>
    <li>IndustrialBasic</li>
    <li>IndustrialAdvanced</li>
    <li>IndustrialMilitaryBasic</li>
    <li>IndustrialMilitaryAdvanced</li>
    <li>SpacerMilitary</li>
    <li>BeltDefensePop</li>
  </apparelTags>
  <apparelMoney>2500~3500</apparelMoney>
  <apparelAllowHeadgearChance>0.9</apparelAllowHeadgearChance>
  <weaponMoney>500~1400</weaponMoney>
  <weaponTags>
    <li>IndustrialGunAdvanced</li>
  </weaponTags>
  <disallowedTraits>
    <li>Brawler</li>
  </disallowedTraits>
  <techHediffsMoney>1000~1200</techHediffsMoney>
  <techHediffsTags>
    <li>Advanced</li>
    <li>ImplantEmpireCommon</li>
  </techHediffsTags>
  <techHediffsChance>0.35</techHediffsChance>
  <combatEnhancingDrugsChance>0.80</combatEnhancingDrugsChance>
  <combatEnhancingDrugsCount>1~2</combatEnhancingDrugsCount>
  <biocodeWeaponChance>0.3</biocodeWeaponChance>
  <initialWillRange>3~5</initialWillRange>
</PawnKindDef>

<PawnKindDef ParentName="SlimeMercenaryEliteTierBase" Name="SlimeMercenaryEliteBase" Abstract="True">
  <defName>Slime_Mercenary_Elite_Base</defName>
  <label>elite mercenary</label>
  <labelPlural>elite mercenaries</labelPlural>
  <inventoryOptions>
    <skipChance>0.9</skipChance>
    <subOptionsChooseOne>
      <li>
        <thingDef>MedicineIndustrial</thingDef>
        <countRange>1</countRange>
      </li>
    </subOptionsChooseOne>
  </inventoryOptions>
</PawnKindDef>

 
  <!--Urban Pawnkinds-->

  <PawnKindDef ParentName="SlimelanderBase">
    <defName>Slime_Town_Guard</defName>
    <label>town guard</label>
    <combatPower>192</combatPower>
    <isFighter>true</isFighter>
    <gearHealthRange>0.6~2</gearHealthRange>
    <apparelTags>
      <li>IndustrialMilitaryBasic</li>
      <li>BeltDefensePop</li>
    </apparelTags>
    <apparelMoney>400~600</apparelMoney>
    <apparelAllowHeadgearChance>0.4</apparelAllowHeadgearChance>
    <weaponTags>
      <li>Gun</li>
    </weaponTags>
    <weaponMoney>250~400</weaponMoney>
    <techHediffsChance>0.04</techHediffsChance>
    <techHediffsMoney>200~700</techHediffsMoney>
    <techHediffsTags>
      <li>Poor</li>
      <li>Simple</li>
      <li>ImplantEmpireCommon</li>
    </techHediffsTags>
    <initialWillRange>1~3</initialWillRange>
    <initialResistanceRange>15~24</initialResistanceRange>
  </PawnKindDef>

  <PawnKindDef ParentName="SlimelanderBase">
    <defName>Slime_Villager</defName>
    <label>villager</label>
    <combatPower>122</combatPower>
    <itemQuality>Poor</itemQuality>
    <isFighter>false</isFighter>
    <gearHealthRange>0.2~2.0</gearHealthRange>
    <weaponTags>
      <li>Gun</li>
      <li>MedievalMeleeBasic</li>
    </weaponTags>
    <weaponMoney>65~250</weaponMoney>
    <apparelMoney>200~400</apparelMoney>
    <apparelAllowHeadgearChance>0.4</apparelAllowHeadgearChance>
    <techHediffsChance>0.06</techHediffsChance>
    <techHediffsMoney>50~600</techHediffsMoney>
    <techHediffsTags>
      <li>Poor</li>
      <li>Simple</li>
      <li>ImplantEmpireCommon</li>
    </techHediffsTags>
    <initialWillRange>0~1</initialWillRange>
    <initialResistanceRange>10~17</initialResistanceRange>
  </PawnKindDef>

  <PawnKindDef ParentName="SlimelanderBase">
    <defName>Slime_Town_Trader</defName>
    <label>town trader</label>
    <trader>true</trader>
    <combatPower>140</combatPower>
    <isFighter>false</isFighter>
    <gearHealthRange>1~1</gearHealthRange>
    <itemQuality>Normal</itemQuality>
    <weaponTags>
      <li>Gun</li>
    </weaponTags>
    <weaponMoney>200~200</weaponMoney>
    <apparelMoney>400~600</apparelMoney>
    <apparelTags>
      <li>IndustrialMilitaryBasic</li>
      <li>IndustrialMilitaryAdvanced</li>
      <li>BeltDefensePop</li>
    </apparelTags>
    <apparelRequired>
      <li>Apparel_BowlerHat</li>
    </apparelRequired>
    <techHediffsChance>0.15</techHediffsChance>
    <techHediffsMoney>600~1500</techHediffsMoney>
    <techHediffsTags>
      <li>Poor</li>
      <li>Simple</li>
      <li>Advanced</li>
      <li>ImplantEmpireCommon</li>
    </techHediffsTags>
    <initialWillRange>2~4</initialWillRange>
    <initialResistanceRange>12~20</initialResistanceRange>
  </PawnKindDef>

  <PawnKindDef ParentName="SlimelanderBase">
    <defName>Slime_Town_Councilman</defName>
    <label>town councilman</label>
    <labelPlural>slime town councilmen</labelPlural>
    <combatPower>140</combatPower>
    <factionLeader>true</factionLeader>
    <isFighter>false</isFighter>
    <gearHealthRange>1~1</gearHealthRange>
    <itemQuality>Good</itemQuality>
    <weaponMoney>200~200</weaponMoney>
    <weaponTags>
      <li>Gun</li>
    </weaponTags>
    <apparelMoney>700~1200</apparelMoney>
    <apparelTags>
      <li>IndustrialMilitaryBasic</li>
      <li>BeltDefensePop</li>
    </apparelTags>
    <apparelRequired>
      <li>Apparel_BowlerHat</li>
    </apparelRequired>
    <techHediffsChance>0.15</techHediffsChance>
    <techHediffsMoney>600~1500</techHediffsMoney>
    <techHediffsTags>
      <li>Simple</li>
      <li>Advanced</li>
      <li>ImplantEmpireCommon</li>
    </techHediffsTags>
    <initialWillRange>3~5</initialWillRange>
    <initialResistanceRange>7~11</initialResistanceRange>
  </PawnKindDef>

  <!-- Low merc tier - grenadiers -->

  <PawnKindDef ParentName="SlimeGrenadierBase">
    <defName>Slime_Grenadier_Destructive</defName>
    <label>grenadier</label>
    <combatPower>245</combatPower>
    <canBeSapper>true</canBeSapper>
    <isGoodBreacher>true</isGoodBreacher>
    <weaponTags>
      <li>GrenadeDestructive</li>
    </weaponTags>
    <initialResistanceRange>10~16</initialResistanceRange>
  </PawnKindDef>

  <PawnKindDef ParentName="SlimeGrenadierBase">
    <defName>Slime_Grenadier_EMP</defName>
    <label>EMP grenadier</label>
    <combatPower>192</combatPower>
    <weaponTags>
      <li>GrenadeEMP</li>
    </weaponTags>
    <initialResistanceRange>15~24</initialResistanceRange>
  </PawnKindDef>

  <PawnKindDef ParentName="SlimeGrenadierBase">
    <defName>Slime_Grenadier_Smoke</defName>
    <combatPower>192</combatPower>
    <weaponTags>
      <li>GrenadeSmoke</li>
    </weaponTags>
    <weaponMoney>400~400</weaponMoney>
    <initialResistanceRange>18~28</initialResistanceRange>
  </PawnKindDef>

  <!-- Mid merc tier - gunner, slasher, sniper, heavy -->

  <PawnKindDef ParentName="SlimeMercenaryGunnerBase">
    <defName>Slime_Mercenary_Gunner</defName>
    <initialResistanceRange>6~10</initialResistanceRange>
  </PawnKindDef>

  <PawnKindDef ParentName="SlimeMercenaryGunnerBase">
    <defName>Slime_Mercenary_Gunner_Acidifier</defName>
    <techHediffsRequired>
      <li>DeathAcidifier</li>
    </techHediffsRequired>
    <initialResistanceRange>10~16</initialResistanceRange>
  </PawnKindDef>

  <PawnKindDef ParentName="SlimeMercenarySniperBase">
    <defName>Slime_Mercenary_Sniper</defName>
    <initialResistanceRange>13~20</initialResistanceRange>
  </PawnKindDef>

  <PawnKindDef ParentName="SlimeMercenarySniperBase">
    <defName>Slime_Mercenary_Sniper_Acidifier</defName>
    <techHediffsRequired>
      <li>DeathAcidifier</li>
    </techHediffsRequired>
    <initialResistanceRange>14~23</initialResistanceRange>
  </PawnKindDef>

  <PawnKindDef ParentName="SlimeMercenarySlasherBase">
    <defName>Slime_Mercenary_Slasher</defName>
    <initialResistanceRange>10~16</initialResistanceRange>
  </PawnKindDef>

  <PawnKindDef ParentName="SlimeMercenarySlasherBase">
    <defName>Slime_Mercenary_Slasher_Acidifier</defName>
    <techHediffsRequired>
      <li>DeathAcidifier</li>
    </techHediffsRequired>
    <initialResistanceRange>9~15</initialResistanceRange>
  </PawnKindDef>

  <PawnKindDef ParentName="SlimeMercenaryMidTierBase">
    <defName>Slime_Mercenary_Heavy</defName>
    <label>heavy mercenary</label>
    <labelPlural>heavy mercenaries</labelPlural>
    <combatPower>490</combatPower>
    <gearHealthRange>0.7~3.2</gearHealthRange>
    <apparelTags>
      <li>IndustrialBasic</li>
      <li>IndustrialAdvanced</li>
      <li>IndustrialMilitaryBasic</li>
      <li>IndustrialMilitaryAdvanced</li>
      <li>BeltDefensePop</li>
    </apparelTags>
    <apparelMoney>200~350</apparelMoney>
    <apparelAllowHeadgearChance>0.5</apparelAllowHeadgearChance>
    <weaponMoney>1200~1200</weaponMoney>
    <weaponTags>
      <li>GunHeavy</li>
      <li>GunSingleUse</li>
    </weaponTags>
    <initialResistanceRange>14~23</initialResistanceRange>
  </PawnKindDef>

  <PawnKindDef ParentName="SlimeMercenaryEliteBase">
    <defName>Slime_Mercenary_Elite</defName>
    <initialResistanceRange>15~23</initialResistanceRange>
  </PawnKindDef>
  
  <PawnKindDef ParentName="SlimeMercenaryEliteBase">
    <defName>Slime_Mercenary_Elite_Acidifier</defName>
    <techHediffsRequired>
      <li>DeathAcidifier</li>
    </techHediffsRequired>
    <initialResistanceRange>12~20</initialResistanceRange>
  </PawnKindDef>

  <!-- Miners -->

  <PawnKindDef ParentName="SlimelanderBase" MayRequire="Ludeon.RimWorld.Ideology">
    <defName>Slime_Miner</defName>
    <label>miner</label>
    <combatPower>140</combatPower>
    <backstoryFiltersOverride>
      <li>
        <categoriesAdulthood>
          <li>Miner</li>
        </categoriesAdulthood>
      </li>
    </backstoryFiltersOverride>
    <itemQuality>Poor</itemQuality>
    <isFighter>false</isFighter>
    <gearHealthRange>0.2~2.0</gearHealthRange>
    <weaponTags>
      <li>Gun</li>
      <li>MedievalMeleeBasic</li>
    </weaponTags>
    <weaponMoney>65~125</weaponMoney>
    <apparelMoney>200~400</apparelMoney>
    <apparelAllowHeadgearChance>0.4</apparelAllowHeadgearChance>
    <techHediffsMoney>1000~1000</techHediffsMoney>
    <techHediffsTags>
      <li>DrillArm</li>
    </techHediffsTags>
    <techHediffsChance>0.8</techHediffsChance>
    <techHediffsMaxAmount>1</techHediffsMaxAmount>
    <initialWillRange>1~2</initialWillRange>
    <initialResistanceRange>10~17</initialResistanceRange>
  </PawnKindDef>

  <!-- Hunters -->
  <PawnKindDef ParentName="SlimelanderBase" MayRequire="Ludeon.RimWorld.Ideology">
    <defName>Slime_Hunter</defName>
    <label>hunter</label>
    <combatPower>182</combatPower>
    <backstoryFiltersOverride>
      <li>
        <categoriesAdulthood>
          <li>Hunter</li>
        </categoriesAdulthood>
      </li>
    </backstoryFiltersOverride>
    <itemQuality>Poor</itemQuality>
    <isFighter>false</isFighter>
    <gearHealthRange>0.2~2.0</gearHealthRange>
    <apparelRequired>
      <li>Apparel_Tailcap</li>
    </apparelRequired>
    <weaponTags>
      <li>Gun</li>
    </weaponTags>
    <weaponMoney>140~250</weaponMoney>
    <apparelMoney>200~400</apparelMoney>
    <apparelAllowHeadgearChance>0.4</apparelAllowHeadgearChance>
    <techHediffsChance>0.06</techHediffsChance>
    <techHediffsMoney>50~600</techHediffsMoney>
    <techHediffsTags>
      <li>Poor</li>
      <li>Simple</li>
      <li>ImplantEmpireCommon</li>
    </techHediffsTags>
    <initialWillRange>1~2</initialWillRange>
    <initialResistanceRange>10~17</initialResistanceRange>
  </PawnKindDef>

  <!-- Loggers -->

  <PawnKindDef ParentName="SlimelanderBase" MayRequire="Ludeon.RimWorld.Ideology">
    <defName>Slime_Logger</defName>
    <label>logger</label>
    <combatPower>122</combatPower>
    <backstoryFiltersOverride>
      <li>
        <categoriesAdulthood>
          <li>Logger</li>
        </categoriesAdulthood>
      </li>
    </backstoryFiltersOverride>
    <itemQuality>Poor</itemQuality>
    <isFighter>false</isFighter>
    <gearHealthRange>0.2~2.0</gearHealthRange>
    <weaponTags>
      <li>Gun</li>
      <li>MedievalMeleeBasic</li>
    </weaponTags>
    <weaponMoney>65~125</weaponMoney>
    <apparelMoney>200~400</apparelMoney>
    <apparelAllowHeadgearChance>0.4</apparelAllowHeadgearChance>
    <techHediffsChance>0.06</techHediffsChance>
    <techHediffsMoney>50~600</techHediffsMoney>
    <techHediffsTags>
      <li>Poor</li>
      <li>Simple</li>
      <li>ImplantEmpireCommon</li>
    </techHediffsTags>
    <initialWillRange>1~2</initialWillRange>
    <initialResistanceRange>10~17</initialResistanceRange>
  </PawnKindDef>

  <!-- Farmer -->

  <PawnKindDef ParentName="SlimelanderBase" MayRequire="Ludeon.RimWorld.Ideology">
    <defName>Slime_Farmer</defName>
    <label>farmer</label>
    <combatPower>122</combatPower>
    <backstoryFiltersOverride>
      <li>
        <categoriesAdulthood>
          <li>Farmer</li>
        </categoriesAdulthood>
      </li>
    </backstoryFiltersOverride>
    <itemQuality>Poor</itemQuality>
    <isFighter>false</isFighter>
    <gearHealthRange>0.2~2.0</gearHealthRange>
    <weaponTags>
      <li>Gun</li>
      <li>MedievalMeleeBasic</li>
    </weaponTags>
    <apparelRequired>
      <li>Apparel_CowboyHat</li>
    </apparelRequired>
    <weaponMoney>65~125</weaponMoney>
    <apparelMoney>200~400</apparelMoney>
    <apparelAllowHeadgearChance>0.4</apparelAllowHeadgearChance>
    <techHediffsMoney>1000~1000</techHediffsMoney>
    <techHediffsTags>
      <li>FieldHand</li>
    </techHediffsTags>
    <techHediffsChance>0.8</techHediffsChance>
    <techHediffsMaxAmount>1</techHediffsMaxAmount>
    <initialWillRange>1~2</initialWillRange>
    <initialResistanceRange>10~17</initialResistanceRange>
  </PawnKindDef>


</Defs>