<?xml version="1.0" encoding="utf-8" ?>
<Defs>
	<HediffDef>
		<defName>Slimes_AutoRecovery</defName>
		<description>Cure wounds fast</description>
		<hediffClass>HediffWithComps</hediffClass>
		<label>auto recover</label>
		<defaultLabelColor>(0.5,1,0.5)</defaultLabelColor>
		<scenarioCanAdd>true</scenarioCanAdd>
		<maxSeverity>1.0</maxSeverity>
		<isBad>false</isBad>
		<everCurableByItem>false</everCurableByItem>
		<comps>
			<li Class="HumanoidSlimes.HediffClass.HediffCompProperties_AutoRecovery">
				<healAmount>1</healAmount>
				<TicksToHeal>1200</TicksToHeal>
			</li>
		</comps>
		<stages>
			<li>
				<label>permanent</label>
				<becomeVisible>true</becomeVisible>
			</li>
		</stages>
	</HediffDef>
</Defs>
