<?xml version="1.0" encoding="utf-8" ?>
<Defs>
    <XenotypeDef MayRequire="Ludeon.Rimworld.Biotech">
        <defName>XenoSlime</defName>
        <label>slime</label>
        <description>Raised in the urbanized worlds of the Empire, they were slaves and were mainly used for carnal pleasures. Their shell does not tolerate fire exposure and therefore they are terrified of the view of fire.\nDue to their beauty, they can often be seen as servants of nobles, and a high libido helps them satisfy their master. Only a small part of these slimes were able to escape from the clutches of the Empire, and therefore, due to their fertility, they spread to the rest of the planets of the universe.</description>
        <iconPath>UI/Icons/Xenotypes/Custom/CustomXenotypeIcon8</iconPath>		
        <inheritable>True</inheritable>
		<genes>
			<li>RobustDigestion</li>
			<li>Beauty_Beautiful</li>
			<li>Libido_High</li>
			<li>Fertile</li>
			<li>FireTerror</li>
			<li>Slimes_AutoRecovery</li>
		</genes>
    </XenotypeDef>

		<GeneDef>
			<defName>Slimes_AutoRecovery</defName>
			<label>auto recovery</label>
			<description>This gene allows the pawn to automatically recover from wounds over time.</description>
			<geneClass>HumanoidSlimes.GeneClass.Gene_AutoRecovery</geneClass>
			<iconPath>UI/Icons/Genes/SlimeHeal</iconPath>
			<displayCategory>Healing</displayCategory>
		</GeneDef>

</Defs>