<?xml version="1.0" encoding="utf-8"?>
<Defs>
	<AlienRace.ThingDef_AlienRace ParentName="BasePawn" Name="Alien_Mucus">
		<defName>Alien_Mucus</defName>
		<label>Humanoid slime</label>
		<description>This species was grown in the laboratories of the Empire to satisfy the sexual pleasures of its citizens and nobles. They have increased protection from blunt damage due to their elastic shell and have increased susceptibility to temperature.\nThanks to their fertility, they were able to spread to many favorable planets of the universe.</description>
		<alienRace>
			<generalSettings>
				<maleGenderProbability>0.0</maleGenderProbability>
				<canLayDown>true</canLayDown>
				<immuneToAge>true</immuneToAge>
				<humanRecipeImport>true</humanRecipeImport>
				<minAgeForAdulthood>16</minAgeForAdulthood>
				<maxDamageForSocialfight>6</maxDamageForSocialfight>
				<!-- Trait not given-->
				<disallowedTraits>
					<li>
						<defName Degree="0">AnnoyingVoice</defName>
					</li>
					<li>
						<defName Degree="0">CreepyBreathing</defName>
					</li>
				</disallowedTraits>
				<!-- Starting Body Generator-->
				<alienPartGenerator>
					<atlasScale>4</atlasScale>
					<headTypes Inherit="False">
						<!-- Allowed crown types -->
						<li>MucusHead_Female_Average_Normal</li>
						<li>MucusHead_Male_Square_Normal</li>
					</headTypes>
					<bodyTypes Inherit="False">
						<!-- Allowed body types -->
						<li MayRequire="Ludeon.RimWorld.Biotech">Baby</li>
						<li MayRequire="Ludeon.RimWorld.Biotech">Child</li>
						<li>Female</li>
						<li>Male</li>
					</bodyTypes>
					<headOffset>(0,0.08)</headOffset>
					<!-- 1.5 Added-->
					<customDrawSize>(1.2, 1.2)</customDrawSize>
					<customHeadDrawSize>(0.9, 0.9)</customHeadDrawSize>
					<customPortraitDrawSize>(1.2, 1.2)</customPortraitDrawSize>
					<customPortraitHeadDrawSize>(0.9, 0.9)</customPortraitHeadDrawSize>
					<colorChannels>
						<li>
							<name>skin</name>
							<first Class="ColorGenerator_Options">
								<options>
									<li>
										<weight>1</weight>
										<only>RGB(147,193,232)</only>
									</li>
									<li>
										<weight>1</weight>
										<only>RGB(247,172,206)</only>
									</li>
									<li>
										<weight>1</weight>
										<only>RGB(137,196,136)</only>
									</li>
									<li>
										<weight>1</weight>
										<only>RGB(255,232,130)</only>
									</li>
									<li>
										<weight>1</weight>
										<only>RGB(230,57,85)</only>
									</li>
									<li>
										<weight>1</weight>
										<only>RGB(255,165,127)</only>
									</li>
									<li>
										<weight>1</weight>
										<only>RGB(75,198,216)</only>
									</li>
								</options>
							</first>
							<second Class="ColorGenerator_Options">
								<options>
									<li>
										<weight>1</weight>
										<only>RGB(255, 255, 255)</only>
									</li>
								</options>
							</second>
						</li>
						<li>
							<name>hair</name>
							<first Class="AlienRace.ColorGenerator_CustomAlienChannel">
								<colorChannel>skin_1</colorChannel>
							</first>
							<second Class="AlienRace.ColorGenerator_CustomAlienChannel">
								<colorChannel>skin_2</colorChannel>
							</second>
						</li>
					</colorChannels>
					<bodyAddons>
					</bodyAddons>
				</alienPartGenerator>
				<!-- Finish Part Generator-->
			</generalSettings>
			<graphicPaths>
				<head>
					<extendedGraphics>
						<Age For="HumanlikeBaby">SlimeGirl/Source/null</Age>
						<Age For="HumanlikeChild">SlimeGirl/Head/normal</Age>
						<Age For="HumanlikeAdult">
							<path>SlimeGirl/Head/normal</path>
						</Age>
					</extendedGraphics>
				</head>
				<body>
					<extendedGraphics>
						<Age For="HumanlikeBaby">SlimeGirl/Source/null</Age>
						<Age For="HumanlikeChild">SlimeGirl/Body/Naked_Child</Age>
						<Age For="HumanlikeAdult">
							<path>SlimeGirl/Body/Naked_Female</path>
						</Age>
					</extendedGraphics>
				</body>
			</graphicPaths>
			<styleSettings>
				<li>
					<key>HairDef</key>
					<value>
						<hasStyle>true</hasStyle>
						<styleTagsOverride>
							<li>SL_Style</li>
						</styleTagsOverride>
					</value>
				</li>
				<li>
					<key>BeardDef</key>
					<value>
						<hasStyle>false</hasStyle>
					</value>
				</li>
				<li>
					<key>TattooDef</key>
					<value>
						<hasStyle>false</hasStyle>
					</value>
				</li>
			</styleSettings>
			<!-- Modd and Relations-->
			<relationSettings>
				<relationChanceModifierLover>0</relationChanceModifierLover>
				<relationChanceModifierExLover>0</relationChanceModifierExLover>
				<relationChanceModifierFiance>0</relationChanceModifierFiance>
				<relationChanceModifierSpouse>0</relationChanceModifierSpouse>
				<relationChanceModifierExSpouse>0</relationChanceModifierExSpouse>
				<relationChanceModifierParent>0</relationChanceModifierParent>
				<relationChanceModifierChild>0</relationChanceModifierChild>
				<relationChanceModifierSibling>0</relationChanceModifierSibling>
			</relationSettings>
			<thoughtSettings>
				<cannotReceiveThoughts>
					<li>Naked</li>
					<li>DeadMansApparel</li>
					<li>ApparelDamaged</li>
					<li>AteKibble</li>
					<!-- <li>AteAwfulMeal</li> -->
					<li>AteFineMeal</li>
					<li>AteInImpressiveDiningRoom</li>
					<li>AteInsectMeatAsIngredient</li>
					<li>AteInsectMeatDirect</li>
					<li>AteHumanlikeMeatAsIngredient</li>
					<li>AteHumanlikeMeatDirect</li>
					<li>AteLavishMeal</li>
					<li>AteRawFood</li>
					<li>AteRottenFood</li>
					<li>AteWithoutTable</li>
					<li>SleptOutside</li>
					<li>SleptOnGround</li>
					<li>SleptInCold</li>
					<li>SleepDisturbed</li>
					<li>SleptInBedroom</li>
					<li>SleptInBarracks</li>
					<li>JoyActivityInImpressiveRecRoom</li>
					<li>SharedBed</li>
					<li>NeedComfort</li>
					<li>NeedRoomSize</li>
					<li>NeedOutdoors</li>
					<li MayRequire="Ludeon.RimWorld.Royalty">AteFoodInappropriateForTitle</li>
					<li MayRequire="Ludeon.RimWorld.Royalty">TitleApparelRequirementNotMet</li>
					<li MayRequire="Ludeon.RimWorld.Royalty">TitleApparelMinQualityNotMet</li>
				</cannotReceiveThoughts>
			</thoughtSettings>
			<!-- Race Restriction-->
			<raceRestriction>
				<onlyUseRaceRestrictedApparel>true</onlyUseRaceRestrictedApparel>
				<whiteApparelList>
					<!-- Headgear -->
					<li>Apparel_CowboyHat</li>
					<li>Apparel_BowlerHat</li>
					<li>Apparel_TribalHeaddress</li>
					<li>Apparel_Tuque</li>
					<li>Apparel_WarMask</li>
					<li>Apparel_WarVeil</li>
					<li>Apparel_SimpleHelmet</li>
					<li>Apparel_AdvancedHelmet</li>
					<li>Apparel_PowerArmorHelmet</li>
					<li>Apparel_ArmorHelmetRecon</li>
					<li>Apparel_PsychicFoilHelmet</li>
					<li>Apparel_HatHood</li>
					<!-- Royalty -->
					<li MayRequire="Ludeon.RimWorld.Royalty">Apparel_PsyfocusHelmet</li>
					<li MayRequire="Ludeon.RimWorld.Royalty">Apparel_EltexSkullcap</li>
					<li MayRequire="Ludeon.RimWorld.Royalty">Apparel_Coronet</li>
					<li MayRequire="Ludeon.RimWorld.Royalty">Apparel_Beret</li>
					<li MayRequire="Ludeon.RimWorld.Royalty">Apparel_Crown</li>
					<li MayRequire="Ludeon.RimWorld.Royalty">Apparel_CrownStellic</li>
					<li MayRequire="Ludeon.RimWorld.Royalty">Apparel_HatLadies</li>
					<li MayRequire="Ludeon.RimWorld.Royalty">Apparel_ArmorMarineHelmetPrestige</li>
					<li MayRequire="Ludeon.RimWorld.Royalty">Apparel_ArmorHelmetCataphract</li>
					<li MayRequire="Ludeon.RimWorld.Royalty">Apparel_ArmorHelmetCataphractPrestige</li>
					<!-- Ideology -->
					<li MayRequire="Ludeon.RimWorld.Ideology">Apparel_Headwrap</li>
					<li MayRequire="Ludeon.RimWorld.Ideology">Apparel_Broadwrap</li>
					<li MayRequire="Ludeon.RimWorld.Ideology">Apparel_VisageMask</li>
					<li MayRequire="Ludeon.RimWorld.Ideology">Apparel_Slicecap</li>
					<li MayRequire="Ludeon.RimWorld.Ideology">Apparel_Collar</li>
					<li MayRequire="Ludeon.RimWorld.Ideology">Apparel_AuthorityCap</li>
					<li MayRequire="Ludeon.RimWorld.Ideology">Apparel_Tailcap</li>
					<li MayRequire="Ludeon.RimWorld.Ideology">Apparel_Shadecone</li>
					<li MayRequire="Ludeon.RimWorld.Ideology">Apparel_Flophat</li>
					<li MayRequire="Ludeon.RimWorld.Ideology">Apparel_TortureCrown</li>
					<li MayRequire="Ludeon.RimWorld.Ideology">Apparel_Blindfold</li>
					<!-- Etc -->
					<li MayRequire="Ludeon.RimWorld.Royalty">Apparel_PackBroadshield</li>
					<li MayRequire="Ludeon.RimWorld.Royalty">Apparel_Gunlink</li>
				</whiteApparelList>
				<blackEndoCategories MayRequire="Ludeon.RimWorld.Biotech">
					<li MayRequire="Ludeon.RimWorld.Biotech">Melanin</li>
					<li MayRequire="Ludeon.RimWorld.Biotech">HairColor</li>
					<li MayRequire="Ludeon.RimWorld.Biotech">BodyType</li>
					<li MayRequire="Ludeon.RimWorld.Biotech">Ears</li>
					<li MayRequire="Ludeon.RimWorld.Biotech">Nose</li>
					<li MayRequire="Ludeon.RimWorld.Biotech">Voice</li>
					<li MayRequire="Ludeon.RimWorld.Biotech">Headbone</li>
					<li MayRequire="Ludeon.RimWorld.Biotech">Head</li>
					<li MayRequire="Ludeon.RimWorld.Biotech">Jaw</li>
				</blackEndoCategories>
				<blackGeneList MayRequire="Ludeon.RimWorld.Biotech">
					<li MayRequire="Ludeon.RimWorld.Biotech">Furskin</li>
					<li MayRequire="Ludeon.RimWorld.Biotech">Brow_Heavy</li>
				</blackGeneList>
				<blackGeneTags MayRequire="Ludeon.RimWorld.Biotech">
					<li MayRequire="Ludeon.RimWorld.Biotech">EyeColor</li>
					<li MayRequire="Ludeon.RimWorld.Biotech">Tail</li>
					<li MayRequire="Ludeon.RimWorld.Biotech">BeardStyle</li>
					<li MayRequire="Ludeon.RimWorld.Biotech">Fur</li>
				</blackGeneTags>
				<xenotypeList MayRequire="Ludeon.RimWorld.Biotech">
					<li MayRequire="Ludeon.RimWorld.Biotech">XenoSlime</li>
				</xenotypeList>
				<whiteXenotypeList>
					<!-- asd -->
					<li MayRequire="Ludeon.RimWorld.Biotech">XenoSlime</li>
				</whiteXenotypeList>
				<blackXenotypeList>
					<li MayRequire="Ludeon.RimWorld.Biotech">Baseliner</li>
					<li MayRequire="Ludeon.RimWorld.Biotech">Dirtmole</li>
					<li MayRequire="Ludeon.RimWorld.Biotech">Genie</li>
					<li MayRequire="Ludeon.RimWorld.Biotech">Hussar</li>
					<li MayRequire="Ludeon.RimWorld.Biotech">Sanguophage</li>
					<li MayRequire="Ludeon.RimWorld.Biotech">Neanderthal</li>
					<li MayRequire="Ludeon.RimWorld.Biotech">Pigskin</li>
					<li MayRequire="Ludeon.RimWorld.Biotech">Impid</li>
					<li MayRequire="Ludeon.RimWorld.Biotech">Waster</li>
					<li MayRequire="Ludeon.RimWorld.Biotech">Yttakin</li>
					<li MayRequire="Ludeon.RimWorld.Biotech">Highmate</li>
				</blackXenotypeList>
			</raceRestriction>
		</alienRace>
		<!-- Stats-->
		<statBases>
			<MarketValue>2300</MarketValue>
			<Mass>30</Mass>
			<MoveSpeed>3.0</MoveSpeed>
			<Flammability>0.0</Flammability>
			<ComfyTemperatureMin>-10</ComfyTemperatureMin>
			<ComfyTemperatureMax>28</ComfyTemperatureMax>
			<ImmunityGainSpeed>3</ImmunityGainSpeed>
			<CarryingCapacity>80</CarryingCapacity>
			<GlobalLearningFactor>0.8</GlobalLearningFactor>
			<WorkSpeedGlobal>0.9</WorkSpeedGlobal>
			<GeneralLaborSpeed>1.0</GeneralLaborSpeed>
			<!--Combat Stats-->
			<ArmorRating_Sharp>0.8</ArmorRating_Sharp>
			<ArmorRating_Blunt>1.4</ArmorRating_Blunt>
			<ArmorRating_Heat>0.1</ArmorRating_Heat>
			<PainShockThreshold>0.95</PainShockThreshold>
			<MentalBreakThreshold>0.03</MentalBreakThreshold>
			<!-- Psychic and Eviromental-->
			<PsychicSensitivity>0.0</PsychicSensitivity>
			<ToxicResistance>1</ToxicResistance>
			<ToxicEnvironmentResistance>1</ToxicEnvironmentResistance>
			<MeatAmount>10</MeatAmount>
			<RestRateMultiplier>1.4</RestRateMultiplier>
			<EatingSpeed>0.7</EatingSpeed>
			<ForagedNutritionPerDay>1.4</ForagedNutritionPerDay>
			<LeatherAmount>0</LeatherAmount>
			<MinimumHandlingSkill>0</MinimumHandlingSkill>
			<!-- Other Stats -->
			<NegotiationAbility>0.9</NegotiationAbility>
			<SocialImpact>1.25</SocialImpact>
			<TradePriceImprovement>0.9</TradePriceImprovement>
			<RoyalFavorValue>3</RoyalFavorValue>
			<StaggerDurationFactor>0</StaggerDurationFactor>
		</statBases>
		<!-- Combat and tools-->
		<tools>
			<li>
				<label>head</label>
				<capacities>
					<li>Blunt</li>
				</capacities>
				<power>4</power>
				<cooldownTime>2</cooldownTime>
				<linkedBodyPartsGroup>HeadAttackTool</linkedBodyPartsGroup>
			</li>
			<li>
				<label>left fist</label>
				<capacities>
					<li>Blunt</li>
					<li>Poke</li>
				</capacities>
				<power>6</power>
				<cooldownTime>1</cooldownTime>
				<linkedBodyPartsGroup>Arms</linkedBodyPartsGroup>
				<surpriseAttack>
					<extraMeleeDamages>
						<li>
							<def>Stun</def>
							<amount>10</amount>
						</li>
					</extraMeleeDamages>
				</surpriseAttack>
				<chanceFactor>0.2</chanceFactor>
			</li>
			<li>
				<label>right fist</label>
				<capacities>
					<li>Blunt</li>
					<li>Poke</li>
				</capacities>
				<power>6</power>
				<cooldownTime>2</cooldownTime>
				<linkedBodyPartsGroup>Arms</linkedBodyPartsGroup>
				<surpriseAttack>
					<extraMeleeDamages>
						<li>
							<def>Stun</def>
							<amount>10</amount>
						</li>
					</extraMeleeDamages>
				</surpriseAttack>
				<chanceFactor>0.2</chanceFactor>
			</li>
		</tools>
		<race>
			<nameCategory>HumanStandard</nameCategory>
			<thinkTreeMain>Humanlike</thinkTreeMain>
			<thinkTreeConstant>HumanlikeConstant</thinkTreeConstant>
			<intelligence>Humanlike</intelligence>
			<renderTree>Humanlike</renderTree>
			<makesFootprints>false</makesFootprints>
			<lifeExpectancy>100</lifeExpectancy>
			<gestationPeriodDays>5</gestationPeriodDays>
			<hasGenders>true</hasGenders>
			<!-- Body-->
			<body>Slime</body>
			<baseBodySize>1</baseBodySize>
			<baseHealthScale>1</baseHealthScale>
			<!-- Animal Behaviour-->
			<wildness>0.38</wildness>
			<trainability>Advanced</trainability>
			<meatMarketValue>0.8</meatMarketValue>
			<manhunterOnDamageChance>1.0</manhunterOnDamageChance>
			<manhunterOnTameFailChance>0.0</manhunterOnTameFailChance>
			<foodType>OmnivoreHuman</foodType>
			<hediffGiverSets>
				<li>OrganicStandard</li>
				<li>Slimes_Inate</li>
			</hediffGiverSets>
			<litterSizeCurve>
				<points>
					<li>(0.5, 0)</li>
					<li>(1, 1)</li>
					<li>(1.5, 0)</li>
				</points>
			</litterSizeCurve>
			<!-- Life Stages of Slime-->
			<lifeStageAges>
				<li Class="AlienRace.LifeStageAgeAlien">
					<def>HumanlikeBaby</def>
					<minAge>0</minAge>
					<soundWounded>Pawn_Rodent_Wounded</soundWounded>
					<soundDeath>Pawn_Rodent_Death</soundDeath>
					<customDrawSize>(1.4,1.4)</customDrawSize>
					<customPortraitDrawSize>(1.4,1.4)</customPortraitDrawSize>
					<customHeadDrawSize>(1.4,1.4)</customHeadDrawSize>
					<customPortraitHeadDrawSize>(1.4,1.4)</customPortraitHeadDrawSize>
					<headOffset>(0.0, 0.0)</headOffset>
				</li>
				<li Class="AlienRace.LifeStageAgeAlien">
					<def>HumanlikeChild</def>
					<minAge>4</minAge>
					<soundWounded>Pawn_Rodent_Wounded</soundWounded>
					<soundDeath>Pawn_Rodent_Death</soundDeath>
					<customDrawSize>(0.8,0.8)</customDrawSize>
					<customPortraitDrawSize>(0.8,0.8)</customPortraitDrawSize>
					<customHeadDrawSize>(0.72,0.72)</customHeadDrawSize>
					<customPortraitHeadDrawSize>(0.72,0.72)</customPortraitHeadDrawSize>
					<headOffset>(0.0, 0.0)</headOffset>
				</li>

				<li Class="AlienRace.LifeStageAgeAlien">
					<def>HumanlikeAdult</def>
					<minAge>16</minAge>
					<soundWounded>Pawn_Rodent_Wounded</soundWounded>
					<soundDeath>Pawn_Rodent_Death</soundDeath>

				</li>
			</lifeStageAges>
			<!-- What Work They Can Do as kids-->
			<lifeStageWorkSettings MayRequire="Ludeon.RimWorld.Biotech">
				<Firefighter>0</Firefighter>
				<Patient>0</Patient>
				<Doctor>0</Doctor>
				<PatientBedRest>0</PatientBedRest>
				<Childcare MayRequire="Ludeon.RimWorld.Biotech">0</Childcare>
				<BasicWorker>0</BasicWorker>
				<Warden>0</Warden>
				<Handling>0</Handling>
				<Cooking>0</Cooking>
				<Hunting>0</Hunting>
				<Construction>0</Construction>
				<Growing>0</Growing>
				<Mining>0</Mining>
				<PlantCutting>0</PlantCutting>
				<Smithing>0</Smithing>
				<Tailoring>0</Tailoring>
				<Art>0</Art>
				<Crafting>0</Crafting>
				<Hauling>0</Hauling>
				<Cleaning>0</Cleaning>
				<Research>99999999</Research>
			</lifeStageWorkSettings>

			<soundMeleeHitPawn>Pawn_Melee_Punch_HitPawn</soundMeleeHitPawn>
			<!-- soundMeleeHitBuilding>Pawn_Melee_Punch_HitBuilding</soundMeleeHitBuilding> -->
			<soundMeleeMiss>Pawn_Melee_Punch_Miss</soundMeleeMiss>
			<specialShadowData>
				<volume>(0.3, 0.8, 0.4)</volume>
				<offset>(0,0,-0.3)</offset>
			</specialShadowData>
			<ageGenerationCurve>
				<points>
					<li mayrequire="ludeon.rimworld.biotech">(0,0)</li>
					<li mayrequire="ludeon.rimworld.biotech">(0.001,43)</li>
					<li mayrequire="ludeon.rimworld.biotech">(1,86)</li>
					<li mayrequire="ludeon.rimworld.biotech">(8,86)</li>
					<li mayrequire="ludeon.rimworld.biotech">(12.5,118)</li>
					<li mayrequire="ludeon.rimworld.biotech">(12.51,0)</li>
					<li mayrequire="ludeon.rimworld.biotech">(13,0)</li>
					<li mayrequire="ludeon.rimworld.biotech">(13.001,122)</li>
					<li mayrequire="ludeon.rimworld.biotech">(13.999,130)</li>
					<li>(14,0)</li>
					<li mayrequire="ludeon.rimworld.biotech">(14.001,130)</li>
					<li>(16,55)</li>
					<li>(18,100)</li>
					<li>(20,100)</li>
					<li>(50,20)</li>
					<li>(60,30)</li>
					<li>(70,18)</li>
					<li>(80,10)</li>
					<li>(90,3)</li>
					<li>(100,0)</li>
				</points>
			</ageGenerationCurve>
		</race>
	<!-- Finish with Race Gen -->
	</AlienRace.ThingDef_AlienRace>
</Defs>