<?xml version="1.0" encoding="utf-8" ?>
<Defs>
	<!--<rjw.HediffDef_PartBase ParentName="NaturalPrivatePartPenis" MayRequire="rim.job.world">
		<defName>MucusTentacles</defName>
		<label>mucus tentacles</label>
		<labelNoun>mucus tentacles</labelNoun>
		<description>Slick, translucent tentacles that can conform into any shape desired.</description>
		<descriptionHyperlinks><ThingDef>SlimeGlob</ThingDef></descriptionHyperlinks>
		<spawnThingOnRemoved>SlimeGlob</spawnThingOnRemoved>
		<modExtensions>
			<li Class="rjw.PartProps">
				<props>
					<li>Tapered</li>
					<li>Prehensile</li>
					<li>Resizable</li>
					<li>STDImmune</li>
				</props>
			</li>
		</modExtensions>
	</rjw.HediffDef_PartBase>-->
	<!-- mucus privates -->
	<!--
	<rjw.HediffDef_SexPart MayRequire="rim.job.world" ParentName="NaturalPrivatePartVagina">
		<defName>MucusVagina</defName>
		<label>mucus vagina</label>
		<labelNoun>mucus vagina</labelNoun>
		<description>A slick, translucent vagina that can grow or shrink to accomodate any penis.</description>
		<descriptionHyperlinks><ThingDef>SlimeGlob</ThingDef></descriptionHyperlinks>
		<spawnThingOnRemoved>SlimeGlob</spawnThingOnRemoved>
		<partTags>
					<li>Deep</li>
					<li>Loose</li>
					<li>Resizable</li>
					<li>STDImmune</li>
		</partTags> -->
		<!--<modExtensions>
			<li Class="rjw.PartProps">
				<props>
					<li>Deep</li>
					<li>Loose</li>
					<li>Resizable</li>
					<li>STDImmune</li>
				</props>
			</li>
		</modExtensions> 
	</rjw.HediffDef_SexPart> -->
	<!--
	<rjw.HediffDef_SexPart MayRequire="rim.job.world" ParentName="NaturalPrivatePartAnus">
		<defName>MucusAnus</defName>
		<label>mucus anus</label>
		<labelNoun>a mucus anus</labelNoun>
		<description>A slick, translucent anus that can tighten and conform to fit anything.</description>
		<descriptionHyperlinks><ThingDef>SlimeGlob</ThingDef></descriptionHyperlinks>
		<spawnThingOnRemoved>SlimeGlob</spawnThingOnRemoved>
		<partTags>
					<li>Deep</li>
					<li>Loose</li>
					<li>Resizable</li>
					<li>STDImmune</li>
		</partTags> -->
		<!--<modExtensions>
			<li Class="rjw.PartProps">
				<props>
					<li>Deep</li>
					<li>Loose</li>
					<li>Resizable</li>
					<li>STDImmune</li>
				</props>
			</li>
		</modExtensions> 
	</rjw.HediffDef_SexPart> -->
	<!--
	<rjw.HediffDef_SexPart MayRequire="rim.job.world" ParentName="NaturalPrivatePartBreast">
		<defName>MucusBreasts</defName>
		<label>mucus breasts</label>
		<labelNoun>a pair of mucus breasts</labelNoun>
		<description>A pair of slick, translucent breasts that can grow or shrink to any desired size.</description>
		<descriptionHyperlinks><ThingDef>SlimeGlob</ThingDef></descriptionHyperlinks>
		<spawnThingOnRemoved>SlimeGlob</spawnThingOnRemoved>
		<partTags>
					<li>Resizable</li>
					<li>STDImmune</li>
		</partTags>
		<modExtensions>
			<li Class="rjw.PartProps">
				<props>
					<li>Resizable</li>
					<li>STDImmune</li>
				</props>
			</li>
		</modExtensions> 
	</rjw.HediffDef_SexPart> -->
</Defs>