<?xml version="1.0" encoding="utf-8"?>
<Patch>
	<Operation Class="PatchOperationFindMod">
		<mods>
			<li>RimJobWorld</li>
			<li>RimJobWorld - Licentia Labs</li>
			<li>RimNudeWorld</li>
			<li>Cumflation Graphics</li>
		</mods>
		<match Class="PatchOperationAdd">
			<xpath>Defs/AlienRace.ThingDef_AlienRace[defName="Alien_Mucus"]/alienRace/generalSettings/alienPartGenerator/bodyAddons</xpath>
			<value>
				<li>
					<debug>false</debug>
					<path>SlimeGirl/Source/null</path>
					<userCustomizable>false</userCustomizable>
					<shaderType>Transparent</shaderType>
					<inFrontOfBody>true</inFrontOfBody>
					<defaultOffset>Center</defaultOffset>
					<conditions>
						<BodyPart>
							<bodyPart>Torso</bodyPart>
						</BodyPart>
						<Posture>
							<drawnInBed>false</drawnInBed>
							<drawnStanding>true</drawnStanding>
							<drawnLaying>true</drawnLaying>
						</Posture>
						<Apparel>
							<hiddenUnderApparelFor>
								<li>Torso</li>
							</hiddenUnderApparelFor>
						</Apparel>
						<RotStage>Fresh,Rotting</RotStage>
					</conditions>
					<extendedGraphics>

					</extendedGraphics>
				</li>
			</value>
		</match>
	</Operation>
</Patch>
