<?xml version="1.0" encoding="utf-8" ?>
<Patch>

  <Operation Class="PatchOperationFindMod">
    <mods>
      <li>[NL] Facial Animation - WIP</li>
    </mods>
    <match Class="PatchOperationSequence">
      <operations>
        <li Class="PatchOperationTest">
          <xpath>/Defs/AlienRace.ThingDef_AlienRace[defName="Alien_Mucus"]</xpath>
        </li>
        <li Class="PatchOperationConditional">
          <xpath>/Defs/AlienRace.ThingDef_AlienRace[defName="Alien_Mucus"]/comps</xpath>
          <nomatch Class="PatchOperationAdd">
            <xpath>/Defs/AlienRace.ThingDef_AlienRace[defName="Alien_Mucus"]</xpath>
            <value>
              <comps>
                <li><compClass>FacialAnimation.DrawFaceGraphicsComp</compClass></li>
                <li><compClass>FacialAnimation.HeadControllerComp</compClass></li>
                <li><compClass>FacialAnimation.EyeballControllerComp</compClass></li>
                <li MayRequire="nals.facialanimationexperimentals"><compClass>FacialAnimation.LidOptionControllerComp</compClass></li>
                <li><compClass>FacialAnimation.LidControllerComp</compClass></li>
                <li><compClass>FacialAnimation.BrowControllerComp</compClass></li>
                <li><compClass>FacialAnimation.MouthControllerComp</compClass></li>
                <li><compClass>FacialAnimation.SkinControllerComp</compClass></li>
                <li MayRequire="nals.facialanimationexperimentals"><compClass>FacialAnimation.EmotionControllerComp</compClass></li>
                <li><compClass>FacialAnimation.FacialAnimationControllerComp</compClass></li>
              </comps>
            </value>
          </nomatch>
          <match Class="PatchOperationAdd">
            <xpath>/Defs/AlienRace.ThingDef_AlienRace[defName="Alien_Mucus"]/comps</xpath>
            <value>
              <li><compClass>FacialAnimation.DrawFaceGraphicsComp</compClass></li>
              <li><compClass>FacialAnimation.HeadControllerComp</compClass></li>
              <li><compClass>FacialAnimation.EyeballControllerComp</compClass></li>
              <li MayRequire="nals.facialanimationexperimentals"><compClass>FacialAnimation.LidOptionControllerComp</compClass></li>
              <li><compClass>FacialAnimation.LidControllerComp</compClass></li>
              <li><compClass>FacialAnimation.BrowControllerComp</compClass></li>
              <li><compClass>FacialAnimation.MouthControllerComp</compClass></li>
              <li><compClass>FacialAnimation.SkinControllerComp</compClass></li>
              <li MayRequire="nals.facialanimationexperimentals"><compClass>FacialAnimation.EmotionControllerComp</compClass></li>
              <li><compClass>FacialAnimation.FacialAnimationControllerComp</compClass></li>
            </value>
          </match>
        </li>
      </operations>
    </match>
  </Operation>
</Patch>