<?xml version="1.0" encoding="utf-8"?>
<Patch>
	<Operation Class="PatchOperationFindMod">
		<mods>
			<li>RimJobWorld</li>
		</mods>
		<match Class="PatchOperationFindMod">
			<mods>
				<li>RimNudeWorld</li>
			</mods>
			<match Class="PatchOperationAdd">
				<xpath>Defs/AlienRace.ThingDef_AlienRace[defName="Alien_Mucus"]/alienRace/generalSettings/alienPartGenerator/bodyAddons</xpath>
				<value>
					<li>
						<debug>false</debug>
						<path>SlimeGirl/Source/null</path>
						<userCustomizable>false</userCustomizable>
						<shaderType>Transparent</shaderType>
						<inFrontOfBody>true</inFrontOfBody>
						<defaultOffset>Center</defaultOffset>
						<conditions>
							<BodyPart>
								<bodyPart>Torso</bodyPart>
							</BodyPart>
							<Posture>
								<drawnInBed>false</drawnInBed>
								<drawnStanding>true</drawnStanding>
								<drawnLaying>true</drawnLaying>
							</Posture>
							<Apparel>
								<hiddenUnderApparelFor>
									<li>Torso</li>
								</hiddenUnderApparelFor>
							</Apparel>
							<RotStage>Fresh,Rotting</RotStage>
						</conditions>
						<extendedGraphics>
							<Hediff For="RJW_UnknownEgg">
								<path>SlimeGirl/Belly/pregnant_average</path>
							</Hediff>
							<Hediff For="Parasite">
								<path>SlimeGirl/Belly/pregnant_average</path>
							</Hediff>
							<Hediff For="RJW_InsectHiveEgg">
								<path>SlimeGirl/Belly/pregnant_average</path>
							</Hediff>
							<Hediff For="RJW_pregnancy_mech">
								<path>SlimeGirl/Belly/pregnant_average</path>
							</Hediff>
							<Hediff For="RJW_pregnancy_beast">
								<path>SlimeGirl/Source/null</path>
								<extendedGraphics>
									<Severity For="0.8">SlimeGirl/Belly/pregnant_huge</Severity>
									<Severity For="0.6">SlimeGirl/Belly/pregnant_large</Severity>
									<Severity For="0.4">SlimeGirl/Belly/pregnant_average</Severity>
									<Severity For="0.2">SlimeGirl/Belly/pregnant_small</Severity>
									<Severity For="0.0">SlimeGirl/Belly/pregnant_micro</Severity>			
								</extendedGraphics>
							</Hediff>
							<Hediff For="RJW_pregnancy">
								<path>SlimeGirl/Source/null</path>
								<extendedGraphics>
									<Severity For="0.8">SlimeGirl/Belly/pregnant_huge</Severity>
									<Severity For="0.6">SlimeGirl/Belly/pregnant_large</Severity>
									<Severity For="0.4">SlimeGirl/Belly/pregnant_average</Severity>
									<Severity For="0.2">SlimeGirl/Belly/pregnant_small</Severity>
									<Severity For="0.0">SlimeGirl/Belly/pregnant_micro</Severity>
								</extendedGraphics>
							</Hediff>
							<Hediff For="PregnantHuman">
								<path>SlimeGirl/Source/null</path>
								<extendedGraphics>
									<Severity For="0.8">SlimeGirl/Belly/pregnant_huge</Severity>
									<Severity For="0.6">SlimeGirl/Belly/pregnant_large</Severity>
									<Severity For="0.4">SlimeGirl/Belly/pregnant_average</Severity>
									<Severity For="0.2">SlimeGirl/Belly/pregnant_small</Severity>
									<Severity For="0.0">SlimeGirl/Belly/pregnant_micro</Severity>
								</extendedGraphics>
							</Hediff>
						</extendedGraphics>
					</li>
					<!-- Ending of the above -->
					<li>
						<path>SlimeGirl/Source/null</path>
						<userCustomizable>false</userCustomizable>
						<shaderType>Transparent</shaderType>
						<inFrontOfBody>true</inFrontOfBody>
						<defaultOffset>Center</defaultOffset>
						<conditions>
							<BodyPart>
								<bodyPart>Torso</bodyPart>
							</BodyPart>
							<Posture>
								<drawnInBed>false</drawnInBed>
								<drawnStanding>true</drawnStanding>
								<drawnLaying>true</drawnLaying>
							</Posture>
							<Apparel>
								<hiddenUnderApparelFor>
									<li>Torso</li>
								</hiddenUnderApparelFor>
							</Apparel>
							<RotStage>Fresh,Rotting</RotStage>
						</conditions>
						<extendedGraphics>
							<!--vanilla RJW -->
							<!-- pregnancy -->
							<Hediff For="RJW_UnknownEgg">
								<path>SlimeGirl/Belly/Cumflation/belly_cumS</path>
							</Hediff>
							<Hediff For="Parasite">
								<path>SlimeGirl/Belly/Cumflation/belly_cumS</path>
							</Hediff>
							<Hediff For="RJW_InsectHiveEgg">
								<path>SlimeGirl/Belly/Cumflation/belly_cumS</path>
							</Hediff>
							<Hediff For="RJW_pregnancy_mech">
								<path>SlimeGirl/Belly/Cumflation/belly_cumS</path>
							</Hediff>
							<Hediff For="RJW_pregnancy_beast">
								<path>SlimeGirl/Source/null</path>
								<extendedGraphics>
									<Severity For="0.8">SlimeGirl/Belly/Cumflation/belly_cumE</Severity>
									<Severity For="0.6">SlimeGirl/Belly/Cumflation/belly_cumL</Severity>
									<Severity For="0.4">SlimeGirl/Belly/Cumflation/belly_cumM</Severity>
									<Severity For="0.2">SlimeGirl/Belly/Cumflation/belly_cumS</Severity>
									<Severity For="0.0">SlimeGirl/Source/null</Severity>
								</extendedGraphics>
							</Hediff>
							<Hediff For="RJW_pregnancy">
								<path>SlimeGirl/Source/null</path>
								<extendedGraphics>
									<Severity For="0.8">SlimeGirl/Belly/Cumflation/belly_cumE</Severity>
									<Severity For="0.6">SlimeGirl/Belly/Cumflation/belly_cumL</Severity>
									<Severity For="0.4">SlimeGirl/Belly/Cumflation/belly_cumM</Severity>
									<Severity For="0.2">SlimeGirl/Belly/Cumflation/belly_cumS</Severity>
									<Severity For="0.0">SlimeGirl/Source/null</Severity>
							</extendedGraphics>
							</Hediff>
							<Hediff For="PregnantHuman">
								<path>SlimeGirl/Source/null</path>
								<extendedGraphics>
									<Severity For="0.8">SlimeGirl/Belly/Cumflation/belly_cumE</Severity>
									<Severity For="0.6">SlimeGirl/Belly/Cumflation/belly_cumL</Severity>
									<Severity For="0.4">SlimeGirl/Belly/Cumflation/belly_cumM</Severity>
									<Severity For="0.2">SlimeGirl/Belly/Cumflation/belly_cumS</Severity>
									<Severity For="0.0">SlimeGirl/Source/null</Severity>
								</extendedGraphics>
							</Hediff>
				</extendedGraphics>
					</li>
				</value>
			</match>
		</match>
	</Operation>
</Patch>