<?xml version="1.0" encoding="utf-8"?>
<Patch>
	<Operation Class="PatchOperationFindMod">
		<mods>
			<li>RJW Menstruation Cycle</li>
		</mods>
		<match Class="PatchOperationSequence">
			<operations>
				<li Class="PatchOperationAdd">
					<xpath>Defs/rjw.HediffDef_PartBase[defName="SlimeBreasts"]</xpath>
					<value>
						<comps>
							<li Class="RJW_Menstruation.CompProperties_Breast">
								<BreastTex>Breasts/Breast</BreastTex>
								<BlacknippleColor>(55,20,0)</BlacknippleColor>
							</li>
						</comps>
					</value>
				</li>
				
				<li Class="PatchOperationAddModExtension">
					<xpath>Defs/AlienRace.ThingDef_AlienRace[defName="Alien_Mucus"]</xpath>
					<value>
						<li Class="RJW_Menstruation.PawnDNAModExtension">
							<fetusTexPath>SlimeGirl/Fetus/Slime/Fetus_Slime</fetusTexPath>
							<cumColor>(255,255,255,255)</cumColor>
							<cumThickness>0.25</cumThickness>
							<ingestionOutcomeDoers>
							</ingestionOutcomeDoers>
							<hybridExtension>
							</hybridExtension>
						</li>
					</value>
				</li>
			</operations>
		</match>
	</Operation>
</Patch>
