<?xml version="1.0" encoding="utf-8"?>
<Patch>
    <Operation Class="PatchOperationFindMod">
		<mods>
			<li>RimJobWorld</li>
		</mods>
        <match Class="PatchOperationSequence">
            <operations>
                <!--<li Class="PatchOperationAttributeAdd">
                    <xpath>Defs/rjw.HediffDef_PartBase[defName="MucusVagina"]</xpath>
                    <attribute>ParentName</attribute>
                    <value>NaturalPrivatePartVagina</value>
                </li>
                <li Class="PatchOperationAttributeAdd">
                    <xpath>Defs/rjw.HediffDef_PartBase[defName="MucusAnus"]</xpath>
                    <attribute>ParentName</attribute>
                    <value>NaturalPrivatePartAnus</value>
                </li>
                <li Class="PatchOperationAttributeAdd">
                    <xpath>Defs/rjw.HediffDef_PartBase[defName="MucusBreasts"]</xpath>
                    <attribute>ParentName</attribute>
                    <value>NaturalPrivatePartBreast</value>
                </li>-->
            </operations>
        </match>
  </Operation>
</Patch>